,Date,Open,High,Low,Close,Adj Close,Volume,Daily_Return,SMA_50,SMA_200,Text,Subjectivity,Polarity,Compound,Negative,Neutral,Positive
0,2022-07-15,240.0,243.623337,236.889999,240.066666,240.066666,69683100,0.007357233998555035,240.80746679999996,302.94263298,Elon Musk demands months for trial prep in Twitter suit  reports say,0.0,0.0,0.0,0.0,1.0,0.0
1,2022-07-15,240.0,243.623337,236.889999,240.066666,240.066666,69683100,0.007357233998555035,240.80746679999996,302.94263298,Tesla  Ford  and GMs Plan to Unlock EV Battery Capacity,0.0,0.0,0.0,0.0,1.0,0.0
2,2022-07-15,240.0,243.623337,236.889999,240.066666,240.066666,69683100,0.007357233998555035,240.80746679999996,302.94263298,How U S  Auto Makers Are Fighting for a Piece of the EV Battery Market,0.0,0.0,-0.3612,0.152,0.848,0.0
3,2022-07-18,244.936661,250.516663,239.603333,240.546661,240.546661,82537500,0.0019994237767271272,239.26759984,302.843182905,UPDATE   Tesla investors should vote against   board members' re election   ISS,0.0,0.0,0.0,0.0,1.0,0.0
4,2022-07-18,244.936661,250.516663,239.603333,240.546661,240.546661,82537500,0.0019994237767271272,239.26759984,302.843182905,Teslas Denholm Says Australia Is Key to Avoid EV Battery Crunch,1.0,0.0,-0.296,0.18,0.82,0.0
5,2022-07-18,244.936661,250.516663,239.603333,240.546661,240.546661,82537500,0.0019994237767271272,239.26759984,302.843182905,Tesla investors should vote against   board members' re election   ISS,0.0,0.0,0.0,0.0,1.0,0.0
6,2022-07-18,244.936661,250.516663,239.603333,240.546661,240.546661,82537500,0.0019994237767271272,239.26759984,302.843182905,ISS urges Tesla investors to vote against re election of two board members,0.0,0.0,0.0,0.0,1.0,0.0
7,2022-07-18,244.936661,250.516663,239.603333,240.546661,240.546661,82537500,0.0019994237767271272,239.26759984,302.843182905,Tesla EV sales gaining momentum in Australia   chair,0.0,0.0,0.4215,0.0,0.714,0.286
8,2022-07-18,244.936661,250.516663,239.603333,240.546661,240.546661,82537500,0.0019994237767271272,239.26759984,302.843182905,Apple Joins Fellow Tech Giants in Putting a Lid on Hiring,0.0,0.0,0.0,0.0,1.0,0.0
9,2022-07-18,244.936661,250.516663,239.603333,240.546661,240.546661,82537500,0.0019994237767271272,239.26759984,302.843182905,GM Makes Audacious Prediction in Tesla Rivalry,0.0,0.0,0.2263,0.0,0.759,0.241
10,2022-07-18,244.936661,250.516663,239.603333,240.546661,240.546661,82537500,0.0019994237767271272,239.26759984,302.843182905,Tesla Q  Preview  Can Shares Regain Power ,0.0,0.0,0.296,0.0,0.732,0.268
11,2022-07-18,244.936661,250.516663,239.603333,240.546661,240.546661,82537500,0.0019994237767271272,239.26759984,302.843182905,Tesla is cutting    workers in Fremont,0.9,-0.6,-0.128,0.231,0.769,0.0
12,2022-07-18,244.936661,250.516663,239.603333,240.546661,240.546661,82537500,0.0019994237767271272,239.26759984,302.843182905,Tesla  Key Earnings Catalysts That Could Push the Stock Higher,0.75,0.125,0.0,0.0,1.0,0.0
13,2022-07-18,244.936661,250.516663,239.603333,240.546661,240.546661,82537500,0.0019994237767271272,239.26759984,302.843182905,Markets lose earlier gains heading into the close  Apple weighs down tech stocks,0.3944444444444445,-0.07777777777777779,-0.0772,0.168,0.683,0.149
14,2022-07-18,244.936661,250.516663,239.603333,240.546661,240.546661,82537500,0.0019994237767271272,239.26759984,302.843182905,Stock market news live updates  Stocks tumble as earnings season picks up,0.5,0.13636363636363635,0.0,0.0,1.0,0.0
15,2022-07-18,244.936661,250.516663,239.603333,240.546661,240.546661,82537500,0.0019994237767271272,239.26759984,302.843182905,Tesla upgraded to Deutsche Bank's 'short term buy' list  Uber settles disabled passenger lawsuit,0.3,-0.1,-0.2263,0.128,0.872,0.0
16,2022-07-18,244.936661,250.516663,239.603333,240.546661,240.546661,82537500,0.0019994237767271272,239.26759984,302.843182905,Teslas Earnings Are Impossible to Predict   Watch These   Points Instead ,1.0,-0.6666666666666666,0.0,0.0,1.0,0.0
17,2022-07-18,244.936661,250.516663,239.603333,240.546661,240.546661,82537500,0.0019994237767271272,239.26759984,302.843182905,Value stocks post best stretch in    years relative to growth stocks  but thats starting to change  Why ,0.13333333333333333,0.3333333333333333,0.6249,0.0,0.697,0.303
18,2022-07-18,244.936661,250.516663,239.603333,240.546661,240.546661,82537500,0.0019994237767271272,239.26759984,302.843182905,Tesla must pay for customers car due to massive danger caused by self driving Autopilot feature,0.6875,-0.0625,-0.5859,0.255,0.745,0.0
19,2022-07-18,244.936661,250.516663,239.603333,240.546661,240.546661,82537500,0.0019994237767271272,239.26759984,302.843182905,Why Tesla  Rivian  and Nio Stock Popped Today,0.0,0.0,0.0,0.0,1.0,0.0
20,2022-07-18,244.936661,250.516663,239.603333,240.546661,240.546661,82537500,0.0019994237767271272,239.26759984,302.843182905,GM stock gets a downgrade amid worries about a recession,0.0,0.0,-0.6808,0.412,0.588,0.0
21,2022-07-18,244.936661,250.516663,239.603333,240.546661,240.546661,82537500,0.0019994237767271272,239.26759984,302.843182905,Video Highlights  Charging Up Europe  Watch CEO of Allego in Fireside,0.0,0.0,0.0,0.0,1.0,0.0
22,2022-07-18,244.936661,250.516663,239.603333,240.546661,240.546661,82537500,0.0019994237767271272,239.26759984,302.843182905,Twitter Musk trial  Starbucks closures  Top legal stories to watch,0.35,0.35,0.3182,0.0,0.708,0.292
23,2022-07-18,244.936661,250.516663,239.603333,240.546661,240.546661,82537500,0.0019994237767271272,239.26759984,302.843182905,How to Trade Earnings with Straddles  Featuring Netflix and Tesla ,0.0,0.0,0.0,0.0,1.0,0.0
24,2022-07-18,244.936661,250.516663,239.603333,240.546661,240.546661,82537500,0.0019994237767271272,239.26759984,302.843182905,Weak Q  Deliveries Likely to Impair Tesla's  TSLA  Earnings,0.8125,-0.1875,-0.4404,0.266,0.734,0.0
25,2022-07-18,244.936661,250.516663,239.603333,240.546661,240.546661,82537500,0.0019994237767271272,239.26759984,302.843182905,Musk moves to delay Twitter trial  Starbucks eyes sale of UK business  heat wave hits UK  Skittles sued,0.0,0.0,-0.3182,0.119,0.881,0.0
26,2022-07-18,244.936661,250.516663,239.603333,240.546661,240.546661,82537500,0.0019994237767271272,239.26759984,302.843182905,Tesla  Netflix to report earnings this week,0.0,0.0,0.0,0.0,1.0,0.0
27,2022-07-18,244.936661,250.516663,239.603333,240.546661,240.546661,82537500,0.0019994237767271272,239.26759984,302.843182905,Energy stocks gain  Tesla stock rises  bitcoin and ethereum prices jump,0.0,0.0,0.6705,0.0,0.621,0.379
28,2022-07-18,244.936661,250.516663,239.603333,240.546661,240.546661,82537500,0.0019994237767271272,239.26759984,302.843182905,With no smoking gun  Elon Musk hopes a legal fishing expedition is key to jilting Twitter,0.6,0.1,0.4829,0.107,0.584,0.309
29,2022-07-18,244.936661,250.516663,239.603333,240.546661,240.546661,82537500,0.0019994237767271272,239.26759984,302.843182905,Dow Jones Rallies As Earnings Season Continues  Goldman Sachs Jumps On Earnings,0.0,0.0,0.0,0.0,1.0,0.0
30,2022-07-18,244.936661,250.516663,239.603333,240.546661,240.546661,82537500,0.0019994237767271272,239.26759984,302.843182905,Twitter Musk  Starbucks closures  Google and antitrust    legal stories to watch,0.2,0.2,0.128,0.0,0.87,0.13
31,2022-07-18,244.936661,250.516663,239.603333,240.546661,240.546661,82537500,0.0019994237767271272,239.26759984,302.843182905,Tesla plans more construction near gigafactory east of Austin,0.45,0.3,0.0,0.0,1.0,0.0
32,2022-07-18,244.936661,250.516663,239.603333,240.546661,240.546661,82537500,0.0019994237767271272,239.26759984,302.843182905,   New Stock Picks of Bruce Kovners Caxton Associates,0.45454545454545453,0.13636363636363635,0.0,0.0,1.0,0.0
33,2022-07-18,244.936661,250.516663,239.603333,240.546661,240.546661,82537500,0.0019994237767271272,239.26759984,302.843182905,UPDATE   U S  investigates California Tesla crash that killed motorcyclist,0.0,-0.2,-0.802,0.474,0.526,0.0
34,2022-07-18,244.936661,250.516663,239.603333,240.546661,240.546661,82537500,0.0019994237767271272,239.26759984,302.843182905,   Best Environmental Stocks to Invest In,0.3,1.0,0.6369,0.0,0.543,0.457
35,2022-07-18,244.936661,250.516663,239.603333,240.546661,240.546661,82537500,0.0019994237767271272,239.26759984,302.843182905,Tesla stock offers 'compelling opportunity' and company could positively surprise on margins  Deutsche Bank says,0.38181818181818183,0.2090909090909091,0.8481,0.0,0.519,0.481
36,2022-07-18,244.936661,250.516663,239.603333,240.546661,240.546661,82537500,0.0019994237767271272,239.26759984,302.843182905,Dow Jones Futures Rise  Market Rally Eyes Key Resistance    Stocks In Buy Zones,1.0,0.0,0.0,0.0,1.0,0.0
37,2022-07-18,244.936661,250.516663,239.603333,240.546661,240.546661,82537500,0.0019994237767271272,239.26759984,302.843182905,Teslas Chinese Battery Maker Is Scoping Out Factory Sites in Mexico,0.0,0.0,0.0,0.0,1.0,0.0
38,2022-07-18,244.936661,250.516663,239.603333,240.546661,240.546661,82537500,0.0019994237767271272,239.26759984,302.843182905,Tesla Wants to Lower Its Prices on One Condition,0.1,0.2,-0.296,0.216,0.784,0.0
39,2022-07-18,244.936661,250.516663,239.603333,240.546661,240.546661,82537500,0.0019994237767271272,239.26759984,302.843182905,  Stocks You'll Be Happy You Own When the Bear Market Is Over,1.0,0.7,0.5719,0.0,0.748,0.252
40,2022-07-18,244.936661,250.516663,239.603333,240.546661,240.546661,82537500,0.0019994237767271272,239.26759984,302.843182905,The job market is poised to slow 'sharply ' Goldman warns,0.575,-0.21250000000000002,0.1531,0.113,0.726,0.161
41,2022-07-18,244.936661,250.516663,239.603333,240.546661,240.546661,82537500,0.0019994237767271272,239.26759984,302.843182905,Elon Musk says Tesla is integrating the worlds largest PC game marketplace into its cars  Demo probably next month,0.2,-0.2,0.0,0.0,1.0,0.0
42,2022-07-19,245.0,247.139999,236.976669,245.529999,245.529999,80890200,0.02071672073635633,238.35633335999998,302.77836616499997,UPDATE   Jury finds Tesla    negligent in fatal Model S crash,0.0,0.0,-0.7351,0.437,0.563,0.0
43,2022-07-19,245.0,247.139999,236.976669,245.529999,245.529999,80890200,0.02071672073635633,238.35633335999998,302.77836616499997,Elon Musk May Have a Solution Against Heat Waves and Allergies,0.0,0.0,0.3182,0.0,0.813,0.187
44,2022-07-19,245.0,247.139999,236.976669,245.529999,245.529999,80890200,0.02071672073635633,238.35633335999998,302.77836616499997,Drivers have decided Teslas are worth the higher sticker price  but are they ready to get burned on insurance ,0.3666666666666667,0.25,0.5719,0.0,0.783,0.217
45,2022-07-19,245.0,247.139999,236.976669,245.529999,245.529999,80890200,0.02071672073635633,238.35633335999998,302.77836616499997,Teslas Earnings Are Impossible to Predict  Watch These   Points Instead ,1.0,-0.6666666666666666,0.0,0.0,1.0,0.0
46,2022-07-19,245.0,247.139999,236.976669,245.529999,245.529999,80890200,0.02071672073635633,238.35633335999998,302.77836616499997,All Eyes On Cost Controls With Chip Supply Improving Ahead Of Tesla's Q  Earnings,0.0,0.0,0.4215,0.0,0.823,0.177
47,2022-07-19,245.0,247.139999,236.976669,245.529999,245.529999,80890200,0.02071672073635633,238.35633335999998,302.77836616499997,Jury finds Tesla    negligent in fatal Model S crash,0.0,0.0,-0.7351,0.47,0.53,0.0
48,2022-07-19,245.0,247.139999,236.976669,245.529999,245.529999,80890200,0.02071672073635633,238.35633335999998,302.77836616499997,CORRECTED Jury finds Tesla    negligent in fatal Model S crash,0.0,0.0,-0.7351,0.437,0.563,0.0
49,2022-07-19,245.0,247.139999,236.976669,245.529999,245.529999,80890200,0.02071672073635633,238.35633335999998,302.77836616499997,Tesla set to report second quarter earnings on Wednesday,0.0,0.0,0.0,0.0,1.0,0.0
50,2022-07-19,245.0,247.139999,236.976669,245.529999,245.529999,80890200,0.02071672073635633,238.35633335999998,302.77836616499997,Stock market news live updates  Stocks soar as investors parse another round of earnings,0.45,-0.03181818181818183,0.0,0.0,1.0,0.0
51,2022-07-19,245.0,247.139999,236.976669,245.529999,245.529999,80890200,0.02071672073635633,238.35633335999998,302.77836616499997,Elon Musk Probably Downloaded His Brain into a Robot,0.0,0.0,0.0,0.0,1.0,0.0
52,2022-07-19,245.0,247.139999,236.976669,245.529999,245.529999,80890200,0.02071672073635633,238.35633335999998,302.77836616499997,Tesla Faces Verdict in Fatal Florida Crash,0.0,0.0,-0.6808,0.525,0.339,0.136
53,2022-07-19,245.0,247.139999,236.976669,245.529999,245.529999,80890200,0.02071672073635633,238.35633335999998,302.77836616499997,Judge allows Twitter to expedite its lawsuit against Elon Musk,0.0,0.0,-0.2263,0.174,0.826,0.0
54,2022-07-19,245.0,247.139999,236.976669,245.529999,245.529999,80890200,0.02071672073635633,238.35633335999998,302.77836616499997,Dow Jones Rallies  Twitter Stock Gains Amid This Elon Musk Loss  Netflix Earnings Beat  Subscribers Surprise,0.0,0.0,0.296,0.116,0.657,0.227
55,2022-07-19,245.0,247.139999,236.976669,245.529999,245.529999,80890200,0.02071672073635633,238.35633335999998,302.77836616499997,Dow Jones Rallies  Twitter Stock Gains Amid This Elon Musk Loss  Netflix Charges Ahead Of Earnings,0.0,0.0,-0.25,0.222,0.657,0.121
56,2022-07-19,245.0,247.139999,236.976669,245.529999,245.529999,80890200,0.02071672073635633,238.35633335999998,302.77836616499997,With Its Quarterly Earnings Report Coming Up  Is Tesla Stock A Buy ,0.0,0.0,0.0,0.0,1.0,0.0
57,2022-07-19,245.0,247.139999,236.976669,245.529999,245.529999,80890200,0.02071672073635633,238.35633335999998,302.77836616499997,Tesla Q  earnings preview  Why      production target is key,1.0,0.0,0.0,0.0,1.0,0.0
58,2022-07-19,245.0,247.139999,236.976669,245.529999,245.529999,80890200,0.02071672073635633,238.35633335999998,302.77836616499997,Factbox Spotlight shines on battling lawyers in Twitter Elon Musk dispute,0.0,0.0,-0.5859,0.348,0.652,0.0
59,2022-07-19,245.0,247.139999,236.976669,245.529999,245.529999,80890200,0.02071672073635633,238.35633335999998,302.77836616499997,Nio Stock A Buy  Volkswagen Outpaces Nio  Tesla Of China  As Electric SUV Rivalries Grow,0.0,0.0,0.0,0.0,1.0,0.0
60,2022-07-19,245.0,247.139999,236.976669,245.529999,245.529999,80890200,0.02071672073635633,238.35633335999998,302.77836616499997,Teslas Model Y is the hottest used car in the U S  right now,0.5357142857142857,0.2857142857142857,0.0,0.0,1.0,0.0
61,2022-07-19,245.0,247.139999,236.976669,245.529999,245.529999,80890200,0.02071672073635633,238.35633335999998,302.77836616499997,Tesla braces for earnings hit  but EV delivery outlook is key,1.0,0.0,0.0,0.0,1.0,0.0
62,2022-07-19,245.0,247.139999,236.976669,245.529999,245.529999,80890200,0.02071672073635633,238.35633335999998,302.77836616499997,Twitter has won the first leg of its legal battle with Elon Musk,0.26666666666666666,0.225,0.3818,0.146,0.562,0.292
63,2022-07-19,245.0,247.139999,236.976669,245.529999,245.529999,80890200,0.02071672073635633,238.35633335999998,302.77836616499997,Twitter Can Fast Track Musk Lawsuit  Delaware Court Says,0.6,0.2,-0.2263,0.192,0.808,0.0
64,2022-07-19,245.0,247.139999,236.976669,245.529999,245.529999,80890200,0.02071672073635633,238.35633335999998,302.77836616499997,Chevy Blazer EV SUV coming at the right time  GM exec says,0.5357142857142857,0.2857142857142857,0.0,0.0,1.0,0.0
65,2022-07-19,245.0,247.139999,236.976669,245.529999,245.529999,80890200,0.02071672073635633,238.35633335999998,302.77836616499997,Twitter Musk hearing to decide whether to fast track trial,0.6,0.2,0.0,0.0,1.0,0.0
66,2022-07-19,245.0,247.139999,236.976669,245.529999,245.529999,80890200,0.02071672073635633,238.35633335999998,302.77836616499997,Tesla Earnings  What to Look For From TSLA,0.0,0.0,0.0,0.0,1.0,0.0
67,2022-07-19,245.0,247.139999,236.976669,245.529999,245.529999,80890200,0.02071672073635633,238.35633335999998,302.77836616499997,Twitter granted   day trial in October in case against Elon Musk,0.0,0.0,0.25,0.0,0.833,0.167
68,2022-07-19,245.0,247.139999,236.976669,245.529999,245.529999,80890200,0.02071672073635633,238.35633335999998,302.77836616499997,Strong U S  dollar could weigh on tech earnings,0.7333333333333333,0.4333333333333333,0.5106,0.0,0.708,0.292
69,2022-07-19,245.0,247.139999,236.976669,245.529999,245.529999,80890200,0.02071672073635633,238.35633335999998,302.77836616499997,Is Rivian Stock A Buy As Management Clarifies Layoffs  Cost Cuts,0.0,0.0,-0.0772,0.168,0.687,0.145
70,2022-07-19,245.0,247.139999,236.976669,245.529999,245.529999,80890200,0.02071672073635633,238.35633335999998,302.77836616499997,Top Millennial  Gen Z Stocks Shift To Energy Plays  Popular Pick Tesla To Report Earnings Wednesday,0.7,0.55,0.7717,0.0,0.58,0.42
71,2022-07-19,245.0,247.139999,236.976669,245.529999,245.529999,80890200,0.02071672073635633,238.35633335999998,302.77836616499997,GM Unveils New Weapon Against Tesla and Ford,0.45454545454545453,0.13636363636363635,-0.296,0.239,0.761,0.0
72,2022-07-19,245.0,247.139999,236.976669,245.529999,245.529999,80890200,0.02071672073635633,238.35633335999998,302.77836616499997,GM Will Finally Have Rival to Teslas Model Y With Blazer EV,1.0,0.0,0.0,0.0,1.0,0.0
73,2022-07-19,245.0,247.139999,236.976669,245.529999,245.529999,80890200,0.02071672073635633,238.35633335999998,302.77836616499997,Dow Jones Rallies But IBM Dives On Earnings  Netflix Earnings Due,0.375,-0.125,0.0,0.0,1.0,0.0
74,2022-07-19,245.0,247.139999,236.976669,245.529999,245.529999,80890200,0.02071672073635633,238.35633335999998,302.77836616499997,Earnings season to offer a huge unveiling of companies recession plans  Strategist,0.9,0.4000000000000001,-0.128,0.185,0.662,0.152
75,2022-07-19,245.0,247.139999,236.976669,245.529999,245.529999,80890200,0.02071672073635633,238.35633335999998,302.77836616499997,Twitter  Tesla CEO Elon Musk go to court for first time,0.3333333333333333,0.25,0.0,0.0,1.0,0.0
76,2022-07-19,245.0,247.139999,236.976669,245.529999,245.529999,80890200,0.02071672073635633,238.35633335999998,302.77836616499997,   Most Shorted Stocks to Watch in July,0.5,0.5,0.0,0.0,1.0,0.0
77,2022-07-19,245.0,247.139999,236.976669,245.529999,245.529999,80890200,0.02071672073635633,238.35633335999998,302.77836616499997,Why is Elon Musk in court today ,0.0,0.0,0.0,0.0,1.0,0.0
78,2022-07-19,245.0,247.139999,236.976669,245.529999,245.529999,80890200,0.02071672073635633,238.35633335999998,302.77836616499997,Tesla In Yet Another Legal Soup After German Suit Over Carbon Emission  Data Privacy,0.1,0.1,0.128,0.0,0.897,0.103
79,2022-07-19,245.0,247.139999,236.976669,245.529999,245.529999,80890200,0.02071672073635633,238.35633335999998,302.77836616499997,Tesla Layoffs Acquires Momentum  Read To Know,0.0,0.0,0.0,0.0,1.0,0.0
80,2022-07-19,245.0,247.139999,236.976669,245.529999,245.529999,80890200,0.02071672073635633,238.35633335999998,302.77836616499997,Tesla forced to pay for owners          car over its dangerous Autopilotbut dont expect it will do this for everyone,0.55,-0.45,-0.7579,0.319,0.681,0.0
81,2022-07-19,245.0,247.139999,236.976669,245.529999,245.529999,80890200,0.02071672073635633,238.35633335999998,302.77836616499997,Dow Jones Futures  Stock Market Stages Nasty Reversal With Netflix  Tesla Earnings Due,0.6875,-0.5625,-0.5574,0.231,0.769,0.0
82,2022-07-19,245.0,247.139999,236.976669,245.529999,245.529999,80890200,0.02071672073635633,238.35633335999998,302.77836616499997,GM cut to hold as Deutsche Bank says traditional automakers will struggle to regain interest,0.75,0.0,-0.1027,0.227,0.619,0.155
83,2022-07-19,245.0,247.139999,236.976669,245.529999,245.529999,80890200,0.02071672073635633,238.35633335999998,302.77836616499997,The Zacks Analyst Blog Highlights Tesla  Driven Brand Holdings and American Axle   Manufacturing,0.0,0.0,0.0,0.0,1.0,0.0
84,2022-07-19,245.0,247.139999,236.976669,245.529999,245.529999,80890200,0.02071672073635633,238.35633335999998,302.77836616499997,Tesla Stock  Bull vs  Bear,0.0,0.0,0.0,0.0,1.0,0.0
85,2022-07-19,245.0,247.139999,236.976669,245.529999,245.529999,80890200,0.02071672073635633,238.35633335999998,302.77836616499997,What Does Tesla's Proposed   for   Stock Split Mean for Your Tax Returns ,0.6875,-0.3125,0.0,0.0,1.0,0.0
86,2022-07-19,245.0,247.139999,236.976669,245.529999,245.529999,80890200,0.02071672073635633,238.35633335999998,302.77836616499997,  Supercharged Growth Stocks Down     to     That Billionaires Can't Stop Buying,0.2888888888888889,-0.15555555555555559,0.5405,0.0,0.641,0.359
87,2022-07-19,245.0,247.139999,236.976669,245.529999,245.529999,80890200,0.02071672073635633,238.35633335999998,302.77836616499997,Tesla Hit by German Suit Over Car Surveillance  Carbon Footprint,0.0,0.0,0.0,0.0,1.0,0.0
88,2022-07-20,246.78334,250.66333,243.483337,247.5,247.5,88864200,0.008023463560556499,237.5353336,302.72383277999995,Yahoo Finance Presents  Pete Buttigieg,0.0,0.0,0.0,0.0,1.0,0.0
89,2022-07-20,246.78334,250.66333,243.483337,247.5,247.5,88864200,0.008023463560556499,237.5353336,302.72383277999995,Twitter Fiasco  Musk Says Something Reassuring for Tesla,0.0,0.0,-0.1531,0.275,0.5,0.225
90,2022-07-20,246.78334,250.66333,243.483337,247.5,247.5,88864200,0.008023463560556499,237.5353336,302.72383277999995,Elon Musk Unveils Important Information About the Cybertruck,1.0,0.4,0.2023,0.0,0.795,0.205
91,2022-07-20,246.78334,250.66333,243.483337,247.5,247.5,88864200,0.008023463560556499,237.5353336,302.72383277999995,Tesla Ends Streak of Record Quarterly Profits After China Factory Shutdown,0.0,0.0,0.4404,0.0,0.775,0.225
92,2022-07-20,246.78334,250.66333,243.483337,247.5,247.5,88864200,0.008023463560556499,237.5353336,302.72383277999995,Teslas Tough Second Quarter Shows What Might Happen in a Recession,0.4166666666666667,-0.19444444444444445,-0.5106,0.323,0.677,0.0
93,2022-07-20,246.78334,250.66333,243.483337,247.5,247.5,88864200,0.008023463560556499,237.5353336,302.72383277999995,Tesla profits jump despite production disruptions,0.0,0.0,0.6041,0.0,0.448,0.552
94,2022-07-20,246.78334,250.66333,243.483337,247.5,247.5,88864200,0.008023463560556499,237.5353336,302.72383277999995,Tesla Beats Profit Estimates  Keeps     Target for Output Growth,0.0,0.0,0.6705,0.0,0.56,0.44
95,2022-07-20,246.78334,250.66333,243.483337,247.5,247.5,88864200,0.008023463560556499,237.5353336,302.72383277999995,Tesla profit drops but company hits new production level,0.45454545454545453,0.13636363636363635,0.2382,0.0,0.804,0.196
96,2022-07-20,246.78334,250.66333,243.483337,247.5,247.5,88864200,0.008023463560556499,237.5353336,302.72383277999995,Teslas supply chain struggles forced it to sell off     of its bitcoin,0.2,-0.30000000000000004,-0.6705,0.355,0.645,0.0
97,2022-07-20,246.78334,250.66333,243.483337,247.5,247.5,88864200,0.008023463560556499,237.5353336,302.72383277999995,Musk Promises Tesla Will Buy Back Bitcoin in the Future,0.0625,0.0,0.3818,0.0,0.776,0.224
98,2022-07-20,246.78334,250.66333,243.483337,247.5,247.5,88864200,0.008023463560556499,237.5353336,302.72383277999995,After Tesla sold most of its bitcoin  Elon Musk says he is open to buying more  though cryptocurrency is a side show,0.5,0.3333333333333333,0.0,0.0,1.0,0.0
99,2022-07-20,246.78334,250.66333,243.483337,247.5,247.5,88864200,0.008023463560556499,237.5353336,302.72383277999995,Tesla Sells Majority of Bitcoin After Turbulent Crypto Foray,0.0,0.0,0.0,0.0,1.0,0.0
100,2022-07-20,246.78334,250.66333,243.483337,247.5,247.5,88864200,0.008023463560556499,237.5353336,302.72383277999995,Tesla Tops Q  Earnings Views  But Automotive Margins Decline  Tesla Stock Gains After Hours,0.0,0.0,0.6428,0.0,0.696,0.304
101,2022-07-20,246.78334,250.66333,243.483337,247.5,247.5,88864200,0.008023463560556499,237.5353336,302.72383277999995,Elon Musk and Tesla Aren't Big Bitcoin Fans Anymore,0.1,0.0,0.0,0.0,1.0,0.0
102,2022-07-20,246.78334,250.66333,243.483337,247.5,247.5,88864200,0.008023463560556499,237.5353336,302.72383277999995,UPDATE   Bitcoin briefly falls after Tesla says it sold     of its holdings,0.3333333333333333,0.0,0.0,0.0,1.0,0.0
103,2022-07-20,246.78334,250.66333,243.483337,247.5,247.5,88864200,0.008023463560556499,237.5353336,302.72383277999995,China is the 'hearts and lungs' of the Tesla story  Analyst,0.0,0.0,0.6486,0.0,0.699,0.301
104,2022-07-20,246.78334,250.66333,243.483337,247.5,247.5,88864200,0.008023463560556499,237.5353336,302.72383277999995,Tesla and United Airlines stock after reporting second quarter earnings today,0.0,0.0,0.4215,0.0,0.781,0.219
105,2022-07-20,246.78334,250.66333,243.483337,247.5,247.5,88864200,0.008023463560556499,237.5353336,302.72383277999995,United Airlines  Peloton  and Netflix shares slip in after hours trading,0.0,0.0,0.6124,0.0,0.643,0.357
106,2022-07-20,246.78334,250.66333,243.483337,247.5,247.5,88864200,0.008023463560556499,237.5353336,302.72383277999995,Tesla sells      million worth of bitcoin in the second quarter  still holds Dogecoin,0.05,0.15,0.2263,0.0,0.863,0.137
107,2022-07-20,246.78334,250.66333,243.483337,247.5,247.5,88864200,0.008023463560556499,237.5353336,302.72383277999995,Tesla's profits knocked by China factory shutdowns as it sells Bitcoin,0.0,0.0,0.4404,0.0,0.775,0.225
108,2022-07-20,246.78334,250.66333,243.483337,247.5,247.5,88864200,0.008023463560556499,237.5353336,302.72383277999995,Tesla Tops Q  Earnings Forecast  But Profit Margins Narrow  Dumps Nearly   Billion In Bitcoin,0.4,-0.05,0.3506,0.173,0.535,0.292
109,2022-07-20,246.78334,250.66333,243.483337,247.5,247.5,88864200,0.008023463560556499,237.5353336,302.72383277999995,Tesla sold     of bitcoin holdings in second quarter  as crypto prices crashed,0.0,0.0,0.0,0.0,1.0,0.0
110,2022-07-20,246.78334,250.66333,243.483337,247.5,247.5,88864200,0.008023463560556499,237.5353336,302.72383277999995,Stock Market Today         Stocks End Higher As Recession Concerns Fade  Tesla Earnings On Deck,0.5,0.25,-0.4215,0.177,0.823,0.0
111,2022-07-20,246.78334,250.66333,243.483337,247.5,247.5,88864200,0.008023463560556499,237.5353336,302.72383277999995,Investors should be seeking 'measured optimism' ahead of recessionary environment  Strategist,0.0,0.0,0.5423,0.0,0.741,0.259
112,2022-07-20,246.78334,250.66333,243.483337,247.5,247.5,88864200,0.008023463560556499,237.5353336,302.72383277999995,Tesla reports a second quarter earnings beat      annual growth in vehicle deliveries,0.0,0.0,0.3818,0.0,0.809,0.191
113,2022-07-20,246.78334,250.66333,243.483337,247.5,247.5,88864200,0.008023463560556499,237.5353336,302.72383277999995,Florida jury finds Tesla just    to blame for teen drivers fiery crash,0.0,0.0,-0.7579,0.455,0.545,0.0
114,2022-07-20,246.78334,250.66333,243.483337,247.5,247.5,88864200,0.008023463560556499,237.5353336,302.72383277999995,Indexes Rise Into Close  Tesla Earnings On Deck After Netflix Earnings Push Stock Higher,0.5,0.25,0.0,0.0,1.0,0.0
115,2022-07-20,246.78334,250.66333,243.483337,247.5,247.5,88864200,0.008023463560556499,237.5353336,302.72383277999995,Tesla stock rises after EV maker reports better than expected Q  profit  jump in sales,0.45,0.2,0.7003,0.0,0.691,0.309
116,2022-07-20,246.78334,250.66333,243.483337,247.5,247.5,88864200,0.008023463560556499,237.5353336,302.72383277999995,Tesla earnings meet Q  expectations  sells     of its Bitcoin,0.0,0.0,0.0,0.0,1.0,0.0
117,2022-07-20,246.78334,250.66333,243.483337,247.5,247.5,88864200,0.008023463560556499,237.5353336,302.72383277999995,Tesla Releases Second Quarter      Financial Results,0.0,0.0,0.0,0.0,1.0,0.0
118,2022-07-20,246.78334,250.66333,243.483337,247.5,247.5,88864200,0.008023463560556499,237.5353336,302.72383277999995,Tesla second quarter profit rises on price hikes,0.0,0.0,0.4404,0.0,0.707,0.293
119,2022-07-20,246.78334,250.66333,243.483337,247.5,247.5,88864200,0.008023463560556499,237.5353336,302.72383277999995,Tech stocks soar on Wednesday as market maintains momentum,0.0,0.0,0.0,0.0,1.0,0.0
120,2022-07-20,246.78334,250.66333,243.483337,247.5,247.5,88864200,0.008023463560556499,237.5353336,302.72383277999995,Earnings  What investors should expect for Tesla and United Airlines,0.0,0.0,0.4215,0.0,0.763,0.237
121,2022-07-20,246.78334,250.66333,243.483337,247.5,247.5,88864200,0.008023463560556499,237.5353336,302.72383277999995,Dow Jones Gains  Tesla Earnings Due As Elon Musk Makes This Boast  Netflix Stock Surges,0.375,-0.125,0.34,0.0,0.854,0.146
122,2022-07-20,246.78334,250.66333,243.483337,247.5,247.5,88864200,0.008023463560556499,237.5353336,302.72383277999995,Judge's ruling on Twitter Musk timeline offers clues on how case will play out,0.0,0.1,0.34,0.0,0.844,0.156
123,2022-07-20,246.78334,250.66333,243.483337,247.5,247.5,88864200,0.008023463560556499,237.5353336,302.72383277999995,These Ignored Assets Beat Your Favorite Stocks,1.0,0.5,0.34,0.209,0.364,0.427
124,2022-07-20,246.78334,250.66333,243.483337,247.5,247.5,88864200,0.008023463560556499,237.5353336,302.72383277999995,Goldman Sachs  The economy 'is going to slow a lot'  but there is one big upside,0.25,-0.15000000000000002,0.0,0.0,1.0,0.0
125,2022-07-20,246.78334,250.66333,243.483337,247.5,247.5,88864200,0.008023463560556499,237.5353336,302.72383277999995,US STOCKS Nasdaq boosted by growth stocks after Netflix's upbeat forecast,0.0,0.0,0.6249,0.0,0.638,0.362
126,2022-07-20,246.78334,250.66333,243.483337,247.5,247.5,88864200,0.008023463560556499,237.5353336,302.72383277999995,Our society has given a pass to elite bad actors  Patrick Radden Keefe,0.6666666666666666,-0.6999999999999998,-0.5423,0.226,0.774,0.0
127,2022-07-20,246.78334,250.66333,243.483337,247.5,247.5,88864200,0.008023463560556499,237.5353336,302.72383277999995,The level of sneakiness with Americans hiding money abroad is staggering  Patrick Radden Keefe,0.0,0.0,-0.296,0.145,0.855,0.0
128,2022-07-20,246.78334,250.66333,243.483337,247.5,247.5,88864200,0.008023463560556499,237.5353336,302.72383277999995,Tesla earnings  EV maker expects weaker quarter due to China factory shutdown,0.375,-0.125,-0.4404,0.209,0.791,0.0
129,2022-07-20,246.78334,250.66333,243.483337,247.5,247.5,88864200,0.008023463560556499,237.5353336,302.72383277999995,Top Millennial  Gen Z Picks Shift To Dividend Paying Stocks  Tesla Still No     Bitcoin Popular Despite 'Crypto Winter' Worries,0.7,0.55,-0.1027,0.192,0.634,0.175
130,2022-07-20,246.78334,250.66333,243.483337,247.5,247.5,88864200,0.008023463560556499,237.5353336,302.72383277999995,GMs CEO Mary Barra doubles down on prediction shell beat Elon Musk in electric vehicle sales by       Right now he outsells her by   x,0.4123015873015873,0.06507936507936506,0.0,0.0,1.0,0.0
131,2022-07-20,246.78334,250.66333,243.483337,247.5,247.5,88864200,0.008023463560556499,237.5353336,302.72383277999995,Stock Market Consolidating Gains After Tuesday's Rally  All Eyes On Tesla,0.0,0.0,0.34,0.0,0.806,0.194
132,2022-07-20,246.78334,250.66333,243.483337,247.5,247.5,88864200,0.008023463560556499,237.5353336,302.72383277999995,Should Investors Wait for the Stock Split to Buy Tesla ,0.0,0.0,0.0,0.0,1.0,0.0
133,2022-07-20,246.78334,250.66333,243.483337,247.5,247.5,88864200,0.008023463560556499,237.5353336,302.72383277999995,Market check  Stocks flat at open  bitcoin price jumps,0.3125,-0.0125,0.0,0.0,1.0,0.0
134,2022-07-20,246.78334,250.66333,243.483337,247.5,247.5,88864200,0.008023463560556499,237.5353336,302.72383277999995,Dow Jones Falls As Netflix Jumps On Earnings  Tesla Earnings Up Next,0.0,0.0,0.0,0.0,1.0,0.0
135,2022-07-20,246.78334,250.66333,243.483337,247.5,247.5,88864200,0.008023463560556499,237.5353336,302.72383277999995,Are You a Momentum Investor  This   Stock Could Be the Perfect Pick,1.0,1.0,0.5719,0.0,0.748,0.252
136,2022-07-20,246.78334,250.66333,243.483337,247.5,247.5,88864200,0.008023463560556499,237.5353336,302.72383277999995,Elon Musk Launches New Attack Against GM and Joe Biden,0.45454545454545453,0.13636363636363635,-0.4767,0.256,0.744,0.0
137,2022-07-20,246.78334,250.66333,243.483337,247.5,247.5,88864200,0.008023463560556499,237.5353336,302.72383277999995,Dow Jones Futures  Stock Market Rally Breaks Key Resistance  Netflix Jumps On Subscriber Data,1.0,0.0,0.0,0.0,1.0,0.0
138,2022-07-20,246.78334,250.66333,243.483337,247.5,247.5,88864200,0.008023463560556499,237.5353336,302.72383277999995,July Rally May Indicate the Peak of U S  Inflation    Picks,0.0,0.0,0.0,0.0,1.0,0.0
139,2022-07-20,246.78334,250.66333,243.483337,247.5,247.5,88864200,0.008023463560556499,237.5353336,302.72383277999995,Netflix  Tesla  Biogen  and More of Wednesdays Stock Market Movers,0.5,0.5,0.0,0.0,1.0,0.0
140,2022-07-20,246.78334,250.66333,243.483337,247.5,247.5,88864200,0.008023463560556499,237.5353336,302.72383277999995,Tesla Earnings Preview  Delivery Outlook  Profit Margins And Bitcoin Hit In Focus,0.0,0.0,0.4404,0.0,0.791,0.209
141,2022-07-20,246.78334,250.66333,243.483337,247.5,247.5,88864200,0.008023463560556499,237.5353336,302.72383277999995,Elon Musk Says Germany Has One Option Against Russia,0.0,0.0,0.0,0.0,1.0,0.0
142,2022-07-20,246.78334,250.66333,243.483337,247.5,247.5,88864200,0.008023463560556499,237.5353336,302.72383277999995,Stocks Edge Higher  Netflix  Tesla  ASML And Gas Prices   Five Things To Know,0.5,0.25,0.0,0.0,1.0,0.0
143,2022-07-20,246.78334,250.66333,243.483337,247.5,247.5,88864200,0.008023463560556499,237.5353336,302.72383277999995,Tesla Poised for Earnings Hit From China Factory Shutdown,0.0,0.0,0.25,0.0,0.8,0.2
144,2022-07-20,246.78334,250.66333,243.483337,247.5,247.5,88864200,0.008023463560556499,237.5353336,302.72383277999995,Tesla Stock Vs  BYD Stock  Tesla Earnings Due  China EV Giant Launching Model   Rival,0.6875,-0.0625,0.0,0.0,1.0,0.0
145,2022-07-21,255.106674,273.266663,254.866669,271.706665,271.706665,142032300,0.0978047070707071,237.72206699999998,302.779816055,What Tesla's Massive Bitcoin Selloff Means for Investors,1.0,0.0,0.0,0.0,1.0,0.0
146,2022-07-21,255.106674,273.266663,254.866669,271.706665,271.706665,142032300,0.0978047070707071,237.72206699999998,302.779816055,Five years later  JK Moving's Chuck Kuhn is still waiting for his Tesla Semi trucks  This week  he decided to buy more ,0.25,0.25,0.3885,0.0,0.889,0.111
147,2022-07-21,255.106674,273.266663,254.866669,271.706665,271.706665,142032300,0.0978047070707071,237.72206699999998,302.779816055,Tesla Tops Q  Earnings Views  But Automotive Margins Decline  Tesla Stock Races Higher,0.5,0.25,0.2846,0.0,0.848,0.152
148,2022-07-21,255.106674,273.266663,254.866669,271.706665,271.706665,142032300,0.0978047070707071,237.72206699999998,302.779816055,Are Tesla Shares Worth a Look Pre Split ,0.1,0.3,0.4767,0.0,0.594,0.406
149,2022-07-21,255.106674,273.266663,254.866669,271.706665,271.706665,142032300,0.0978047070707071,237.72206699999998,302.779816055,Top Electric Car Stocks for Q      ,0.5,0.5,0.2023,0.0,0.735,0.265
150,2022-07-21,255.106674,273.266663,254.866669,271.706665,271.706665,142032300,0.0978047070707071,237.72206699999998,302.779816055,Ford Now Has Enough Batteries to Make a Lot More EVs  Profitably,0.5,0.25,0.4364,0.0,0.793,0.207
151,2022-07-21,255.106674,273.266663,254.866669,271.706665,271.706665,142032300,0.0978047070707071,237.72206699999998,302.779816055,Twitter Earnings Are Friday  Investors Might Care More About the Elon Musk Case ,0.5,0.5,0.4939,0.0,0.789,0.211
152,2022-07-21,255.106674,273.266663,254.866669,271.706665,271.706665,142032300,0.0978047070707071,237.72206699999998,302.779816055,Teslas Rally Creates    Billion Headache for Its Army of Shorts,0.0,0.0,0.2732,0.0,0.811,0.189
153,2022-07-21,255.106674,273.266663,254.866669,271.706665,271.706665,142032300,0.0978047070707071,237.72206699999998,302.779816055,Ford Stock Rises As Auto Giant Makes These EV Battery Moves In Bid To Chase Tesla,1.0,0.0,0.0,0.0,1.0,0.0
154,2022-07-21,255.106674,273.266663,254.866669,271.706665,271.706665,142032300,0.0978047070707071,237.72206699999998,302.779816055,Stocks Notch Their Best Three Day Rally Since May  Markets Wrap,0.3,1.0,0.6369,0.0,0.704,0.296
155,2022-07-21,255.106674,273.266663,254.866669,271.706665,271.706665,142032300,0.0978047070707071,237.72206699999998,302.779816055,Markets close in the green  Nasdaq lifted by Tesla,0.3,-0.2,0.0,0.0,1.0,0.0
156,2022-07-21,255.106674,273.266663,254.866669,271.706665,271.706665,142032300,0.0978047070707071,237.72206699999998,302.779816055,Stock market news live updates  Tech leads stocks higher as earnings rush in  ECB hikes rates,0.5,0.19318181818181818,0.0,0.0,1.0,0.0
157,2022-07-21,255.106674,273.266663,254.866669,271.706665,271.706665,142032300,0.0978047070707071,237.72206699999998,302.779816055,US STOCKS Wall Street closes higher on strong Tesla earnings,0.6166666666666667,0.3416666666666667,0.5106,0.0,0.732,0.268
158,2022-07-21,255.106674,273.266663,254.866669,271.706665,271.706665,142032300,0.0978047070707071,237.72206699999998,302.779816055,Analysis 'Unknowns' delay Tesla's ramp up of its own cutting edge batteries,0.95,0.0,-0.4215,0.275,0.725,0.0
159,2022-07-21,255.106674,273.266663,254.866669,271.706665,271.706665,142032300,0.0978047070707071,237.72206699999998,302.779816055,Dow Jones Rallies  Tesla Stock Gains As Elon Musk Teases  Best Product Ever   Bitcoin Falls On This,0.3,1.0,0.6597,0.096,0.614,0.289
160,2022-07-21,255.106674,273.266663,254.866669,271.706665,271.706665,142032300,0.0978047070707071,237.72206699999998,302.779816055,Technology stocks lead markets higher  energy moves to the downside,0.5,0.25,0.0258,0.165,0.661,0.174
161,2022-07-21,255.106674,273.266663,254.866669,271.706665,271.706665,142032300,0.0978047070707071,237.72206699999998,302.779816055,Teslas stale portfolio a concern given increased  M production capacity  analyst says,0.5,-0.5,0.2732,0.0,0.84,0.16
162,2022-07-21,255.106674,273.266663,254.866669,271.706665,271.706665,142032300,0.0978047070707071,237.72206699999998,302.779816055,US STOCKS Nasdaq rose as Tesla posted strong earnings,0.8416666666666666,0.5166666666666666,0.5106,0.0,0.708,0.292
163,2022-07-21,255.106674,273.266663,254.866669,271.706665,271.706665,142032300,0.0978047070707071,237.72206699999998,302.779816055,RPT UPDATE   Ford to buy cheaper CATL EV batteries to catch Tesla,0.0,0.0,0.0,0.0,1.0,0.0
164,2022-07-21,255.106674,273.266663,254.866669,271.706665,271.706665,142032300,0.0978047070707071,237.72206699999998,302.779816055,S P      Nasdaq head for  rd straight day of gains on better corporate earnings than feared,0.3,0.2333333333333333,0.4588,0.143,0.536,0.321
165,2022-07-21,255.106674,273.266663,254.866669,271.706665,271.706665,142032300,0.0978047070707071,237.72206699999998,302.779816055,Im a Silicon Valley M A pro  and my advice to Elon Musk is to stop his courtroom gameplaying over Twitter,0.0,0.0,-0.296,0.099,0.901,0.0
166,2022-07-21,255.106674,273.266663,254.866669,271.706665,271.706665,142032300,0.0978047070707071,237.72206699999998,302.779816055,Crypto Altcoins Outperform as Tesla Sales Weigh on Bitcoin,0.0,0.0,0.0,0.0,1.0,0.0
167,2022-07-21,255.106674,273.266663,254.866669,271.706665,271.706665,142032300,0.0978047070707071,237.72206699999998,302.779816055,Did Tesla Really 'Crush' Earnings ,0.2,0.2,-0.2247,0.321,0.679,0.0
168,2022-07-21,255.106674,273.266663,254.866669,271.706665,271.706665,142032300,0.0978047070707071,237.72206699999998,302.779816055,US STOCKS S P      Nasdaq ride higher on Tesla gains,0.5,0.25,0.34,0.0,0.789,0.211
169,2022-07-21,255.106674,273.266663,254.866669,271.706665,271.706665,142032300,0.0978047070707071,237.72206699999998,302.779816055,Did Elon Musk's Comments Support  or Hurt  Meme Tokens Yesterday ,0.0,0.0,-0.1779,0.241,0.567,0.191
170,2022-07-21,255.106674,273.266663,254.866669,271.706665,271.706665,142032300,0.0978047070707071,237.72206699999998,302.779816055,Tesla Cybertruck a 'niche' product that will not be like the Ford F      Analyst,0.0,0.0,-0.2755,0.14,0.86,0.0
171,2022-07-21,255.106674,273.266663,254.866669,271.706665,271.706665,142032300,0.0978047070707071,237.72206699999998,302.779816055,Microsoft  Google Are Latest Tech Giants to Hit Brakes on Hiring,0.9,0.5,0.0,0.0,1.0,0.0
172,2022-07-21,255.106674,273.266663,254.866669,271.706665,271.706665,142032300,0.0978047070707071,237.72206699999998,302.779816055,Tesla pricing themselves out of the sweet spot of demand  analyst says,0.65,0.35,0.3612,0.103,0.69,0.207
173,2022-07-21,255.106674,273.266663,254.866669,271.706665,271.706665,142032300,0.0978047070707071,237.72206699999998,302.779816055,These Are The   Best EV Stocks To Buy And Watch Now,0.3,1.0,0.6369,0.0,0.704,0.296
174,2022-07-21,255.106674,273.266663,254.866669,271.706665,271.706665,142032300,0.0978047070707071,237.72206699999998,302.779816055,Tesla Gains Traction as It Drives Out of Earnings Report,0.0,0.0,0.34,0.0,0.789,0.211
175,2022-07-21,255.106674,273.266663,254.866669,271.706665,271.706665,142032300,0.0978047070707071,237.72206699999998,302.779816055,Analysts  Options Traders React to Tesla's Earnings Beat,0.0,0.0,0.0,0.0,1.0,0.0
176,2022-07-21,255.106674,273.266663,254.866669,271.706665,271.706665,142032300,0.0978047070707071,237.72206699999998,302.779816055,Bitcoin Falls      on News That Musk's Tesla Sold     of Its BTC Last Quarter,0.06666666666666667,0.0,0.0,0.0,1.0,0.0
177,2022-07-21,255.106674,273.266663,254.866669,271.706665,271.706665,142032300,0.0978047070707071,237.72206699999998,302.779816055,Tesla Earnings  What Happened with TSLA,0.0,0.0,0.0,0.0,1.0,0.0
178,2022-07-21,255.106674,273.266663,254.866669,271.706665,271.706665,142032300,0.0978047070707071,237.72206699999998,302.779816055,Bitcoin trades below         following ECB rate hike,0.1,0.0,0.0,0.0,1.0,0.0
179,2022-07-21,255.106674,273.266663,254.866669,271.706665,271.706665,142032300,0.0978047070707071,237.72206699999998,302.779816055,Tesla Beats Earnings Estimates and Sells Bitcoin    Is the Stock a Buy ,0.0,0.0,0.0,0.0,1.0,0.0
180,2022-07-21,255.106674,273.266663,254.866669,271.706665,271.706665,142032300,0.0978047070707071,237.72206699999998,302.779816055,Stocks mixed after earnings  European Central Bank rate hike,0.16666666666666666,0.0,0.0,0.0,1.0,0.0
181,2022-07-21,255.106674,273.266663,254.866669,271.706665,271.706665,142032300,0.0978047070707071,237.72206699999998,302.779816055,After Tesla's Impressive Results  Here's the Play,1.0,1.0,0.6908,0.0,0.467,0.533
182,2022-07-21,255.106674,273.266663,254.866669,271.706665,271.706665,142032300,0.0978047070707071,237.72206699999998,302.779816055,Why Tesla Stock Is Gaining Ground Today,0.0,0.0,0.4215,0.0,0.682,0.318
183,2022-07-21,255.106674,273.266663,254.866669,271.706665,271.706665,142032300,0.0978047070707071,237.72206699999998,302.779816055,Tesla EV pricing strikes a bullish tone for the stock  analyst says,0.0,0.0,-0.3612,0.185,0.815,0.0
184,2022-07-21,255.106674,273.266663,254.866669,271.706665,271.706665,142032300,0.0978047070707071,237.72206699999998,302.779816055,Why Bitcoin  Ethereum  and Dogecoin Are Falling Today,0.0,0.0,-0.1531,0.186,0.814,0.0
185,2022-07-21,255.106674,273.266663,254.866669,271.706665,271.706665,142032300,0.0978047070707071,237.72206699999998,302.779816055,Tesla Beats Earnings Estimates Again  But Did It Change Many Minds on Wall Street ,0.5,0.5,0.0,0.0,1.0,0.0
186,2022-07-21,255.106674,273.266663,254.866669,271.706665,271.706665,142032300,0.0978047070707071,237.72206699999998,302.779816055,US STOCKS Tesla keeps Nasdaq afloat  AT T forecast weighs on S P    ,0.1,0.0,0.0,0.0,1.0,0.0
187,2022-07-21,255.106674,273.266663,254.866669,271.706665,271.706665,142032300,0.0978047070707071,237.72206699999998,302.779816055,Crude oil falls on demand concerns  bitcoin falls below        ,1.0,-0.7,-0.6369,0.426,0.574,0.0
188,2022-07-21,255.106674,273.266663,254.866669,271.706665,271.706665,142032300,0.0978047070707071,237.72206699999998,302.779816055,Rivian CEO eyes expansion into broader range of commercial electric vehicles,0.0,0.0,0.0,0.0,1.0,0.0
189,2022-07-21,255.106674,273.266663,254.866669,271.706665,271.706665,142032300,0.0978047070707071,237.72206699999998,302.779816055,Dow Jones Falls As ECB Raises Rates  Tesla Surges On Strong Earnings,0.7333333333333333,0.4333333333333333,0.5106,0.0,0.769,0.231
190,2022-07-21,255.106674,273.266663,254.866669,271.706665,271.706665,142032300,0.0978047070707071,237.72206699999998,302.779816055,Tesla CEO Elon Musks net worth is down     billion this year,0.12962962962962965,0.048148148148148134,0.2263,0.0,0.84,0.16
191,2022-07-21,255.106674,273.266663,254.866669,271.706665,271.706665,142032300,0.0978047070707071,237.72206699999998,302.779816055,Teslas Musk Signals Optimism on End to Supply Chain Hell,0.0,0.0,-0.2732,0.286,0.497,0.217
192,2022-07-21,255.106674,273.266663,254.866669,271.706665,271.706665,142032300,0.0978047070707071,237.72206699999998,302.779816055,Tesla Stock Leaps On Q  Earnings Beat  Elon Musk Muses On Bitcoin Sale  'Embarrassing' Car Prices,0.0,0.0,-0.3818,0.148,0.852,0.0
193,2022-07-21,255.106674,273.266663,254.866669,271.706665,271.706665,142032300,0.0978047070707071,237.72206699999998,302.779816055,Tesla  MicroStrategy  Block Face Hit From Bitcoin,0.0,0.0,-0.4404,0.326,0.674,0.0
194,2022-07-21,255.106674,273.266663,254.866669,271.706665,271.706665,142032300,0.0978047070707071,237.72206699999998,302.779816055,Tesla Revenue Grows  Sells Bitcoin,0.0,0.0,0.0,0.0,1.0,0.0
195,2022-07-21,255.106674,273.266663,254.866669,271.706665,271.706665,142032300,0.0978047070707071,237.72206699999998,302.779816055,Tesla shares climb after car maker got tough quarter out of the way  and as Wall Street eyes production ramp ups,0.8333333333333334,-0.3888888888888889,0.1779,0.066,0.837,0.097
196,2022-07-21,255.106674,273.266663,254.866669,271.706665,271.706665,142032300,0.0978047070707071,237.72206699999998,302.779816055,Tesla surpasses Q  earnings estimates  sells     of its bitcoin,0.0,0.0,0.0,0.0,1.0,0.0
197,2022-07-21,255.106674,273.266663,254.866669,271.706665,271.706665,142032300,0.0978047070707071,237.72206699999998,302.779816055,Musk Draws Shock and Sympathy on Reddit After Tesla Sold Bitcoins,0.0,0.0,-0.0258,0.184,0.638,0.177
198,2022-07-21,255.106674,273.266663,254.866669,271.706665,271.706665,142032300,0.0978047070707071,237.72206699999998,302.779816055,Bitcoin Slides but the Crypto Market Is Worth    Trillion Again  Even as Tesla Sells Out ,0.1,0.3,0.3291,0.0,0.856,0.144
199,2022-07-21,255.106674,273.266663,254.866669,271.706665,271.706665,142032300,0.0978047070707071,237.72206699999998,302.779816055,Dow Jones Futures Fall With Market Rally Still Missing This  Tesla Rises On Earnings,0.05,-0.2,-0.296,0.145,0.855,0.0
200,2022-07-21,255.106674,273.266663,254.866669,271.706665,271.706665,142032300,0.0978047070707071,237.72206699999998,302.779816055,Teslas margins shrink despite embarrassing price increases  putting Elon Musk in a tough spot,0.8333333333333334,-0.3888888888888889,0.1739,0.096,0.765,0.139
201,2022-07-21,255.106674,273.266663,254.866669,271.706665,271.706665,142032300,0.0978047070707071,237.72206699999998,302.779816055,Dow Jones Futures  Market Rally Still Missing This  Tesla Rises On Earnings,0.05,-0.2,-0.296,0.167,0.833,0.0
202,2022-07-21,255.106674,273.266663,254.866669,271.706665,271.706665,142032300,0.0978047070707071,237.72206699999998,302.779816055,Stocks Steady Before ECB Rate Liftoff  Euro Gains  Markets Wrap,0.5,0.16666666666666666,0.34,0.0,0.789,0.211
203,2022-07-21,255.106674,273.266663,254.866669,271.706665,271.706665,142032300,0.0978047070707071,237.72206699999998,302.779816055,Tesla  AT T  Ford  and More of Thursdays Stock Market Movers,0.5,0.5,0.0,0.0,1.0,0.0
204,2022-07-21,255.106674,273.266663,254.866669,271.706665,271.706665,142032300,0.0978047070707071,237.72206699999998,302.779816055,Stock market news live updates  Stock futures slip as companies report mixed results,0.375,0.06818181818181818,0.0,0.0,1.0,0.0
205,2022-07-21,255.106674,273.266663,254.866669,271.706665,271.706665,142032300,0.0978047070707071,237.72206699999998,302.779816055,Tesla's Profit Soars    and More Strong Growth Is On the Way,0.6166666666666667,0.4666666666666667,0.8545,0.0,0.461,0.539
206,2022-07-21,255.106674,273.266663,254.866669,271.706665,271.706665,142032300,0.0978047070707071,237.72206699999998,302.779816055,Tesla Rival Plans to Launch the Most Affordable EV on Market,0.5,0.5,0.0,0.0,1.0,0.0
207,2022-07-21,255.106674,273.266663,254.866669,271.706665,271.706665,142032300,0.0978047070707071,237.72206699999998,302.779816055,Its a Crunch Day in Europe  Why It Matters for U S  Investors ,0.0,0.0,0.0258,0.0,0.916,0.084
208,2022-07-21,255.106674,273.266663,254.866669,271.706665,271.706665,142032300,0.0978047070707071,237.72206699999998,302.779816055,Tesla CEO Elon Musk sees inflation declining 'towards the end of this year',0.0,0.0,0.0,0.0,1.0,0.0
209,2022-07-21,255.106674,273.266663,254.866669,271.706665,271.706665,142032300,0.0978047070707071,237.72206699999998,302.779816055,Tesla Sold Most of Its Bitcoin to Shore Up Carmakers Liquidity,0.5,0.5,0.0,0.0,1.0,0.0
210,2022-07-21,255.106674,273.266663,254.866669,271.706665,271.706665,142032300,0.0978047070707071,237.72206699999998,302.779816055,Stocks Edge Lower  Tesla  United Airlines  Carnival And Ford In Focus   Five Things To Know,0.0,0.0,0.1531,0.122,0.722,0.156
211,2022-07-21,255.106674,273.266663,254.866669,271.706665,271.706665,142032300,0.0978047070707071,237.72206699999998,302.779816055,  Bargain Stocks Cathie Wood Loves,0.0,0.0,0.6705,0.0,0.353,0.647
212,2022-07-21,255.106674,273.266663,254.866669,271.706665,271.706665,142032300,0.0978047070707071,237.72206699999998,302.779816055,Musk Sees Potential for Tesla to Emerge From Supply Chain Hell,1.0,0.0,-0.6808,0.315,0.685,0.0
213,2022-07-21,255.106674,273.266663,254.866669,271.706665,271.706665,142032300,0.0978047070707071,237.72206699999998,302.779816055,Lithium Refining Is a License to Print Money  Musk Says,0.0,0.0,0.0,0.0,1.0,0.0
214,2022-07-21,255.106674,273.266663,254.866669,271.706665,271.706665,142032300,0.0978047070707071,237.72206699999998,302.779816055,Tesla sells most of its bitcoin holdings,0.5,0.5,0.0,0.0,1.0,0.0
215,2022-07-21,255.106674,273.266663,254.866669,271.706665,271.706665,142032300,0.0978047070707071,237.72206699999998,302.779816055,Bitcoin Dragged Down Further on Weak Stocks in Asia  Tesla Sales,0.4712962962962963,-0.17685185185185184,-0.4767,0.313,0.687,0.0
216,2022-07-21,255.106674,273.266663,254.866669,271.706665,271.706665,142032300,0.0978047070707071,237.72206699999998,302.779816055,Tesla  TSLA  Q       Earnings Call Transcript,0.0,0.0,0.0,0.0,1.0,0.0
217,2022-07-21,255.106674,273.266663,254.866669,271.706665,271.706665,142032300,0.0978047070707071,237.72206699999998,302.779816055,Tesla sells     of its Bitcoin holdings  but not any Dogecoin  Musk says,0.0,0.0,0.0,0.0,1.0,0.0
218,2022-07-22,276.220001,280.786682,270.713318,272.243347,272.243347,103472700,0.0019752257457505973,237.83333408,302.840049515,Tesla gets exclusive drive through line at U S  Mexico border  Volkswagen CEO steps down,0.2888888888888889,-0.15555555555555559,0.128,0.0,0.903,0.097
219,2022-07-22,276.220001,280.786682,270.713318,272.243347,272.243347,103472700,0.0019752257457505973,237.83333408,302.840049515,Snap Craters as Sales Disappoint  Erases      Billion From Peers,0.0,0.0,-0.4019,0.252,0.748,0.0
220,2022-07-22,276.220001,280.786682,270.713318,272.243347,272.243347,103472700,0.0019752257457505973,237.83333408,302.840049515,Alphabet Stock Split Lands With a Thud in Worry Filled Market,0.9,0.4,-0.4404,0.225,0.775,0.0
221,2022-07-22,276.220001,280.786682,270.713318,272.243347,272.243347,103472700,0.0019752257457505973,237.83333408,302.840049515,ARKK has worst trading day in nine sessions,1.0,-1.0,-0.6249,0.369,0.631,0.0
222,2022-07-22,276.220001,280.786682,270.713318,272.243347,272.243347,103472700,0.0019752257457505973,237.83333408,302.840049515,Herbert Diess  Volkswagen's disruptor in chief  runs out of road,0.0,0.0,0.0,0.0,1.0,0.0
223,2022-07-22,276.220001,280.786682,270.713318,272.243347,272.243347,103472700,0.0019752257457505973,237.83333408,302.840049515,NEWSMAKER Herbert Diess  Volkswagen's disruptor in chief  runs out of road,0.0,0.0,0.0,0.0,1.0,0.0
224,2022-07-22,276.220001,280.786682,270.713318,272.243347,272.243347,103472700,0.0019752257457505973,237.83333408,302.840049515,Tesla has the largest short in the U S  market at nearly      billion,0.35,0.05,0.0,0.0,1.0,0.0
225,2022-07-22,276.220001,280.786682,270.713318,272.243347,272.243347,103472700,0.0019752257457505973,237.83333408,302.840049515,Dow Jones Falls  Nasdaq Slammed On Snap Earnings  Twitter Up As It Blames Elon Musk For This,0.0,0.0,-0.4019,0.144,0.856,0.0
226,2022-07-22,276.220001,280.786682,270.713318,272.243347,272.243347,103472700,0.0019752257457505973,237.83333408,302.840049515,Elon Musks longtime frenemy Herbert Diess sacked as CEO of Volkswagen,0.0,0.0,0.0,0.0,1.0,0.0
227,2022-07-22,276.220001,280.786682,270.713318,272.243347,272.243347,103472700,0.0019752257457505973,237.83333408,302.840049515,Gold Gains as Investors Weigh Growth Concerns  Palladium Jumps,0.0,0.0,0.6124,0.0,0.583,0.417
228,2022-07-22,276.220001,280.786682,270.713318,272.243347,272.243347,103472700,0.0019752257457505973,237.83333408,302.840049515,Tesla's      billion rally costs short sellers at least    billion,0.35,-0.15,0.0,0.0,1.0,0.0
229,2022-07-22,276.220001,280.786682,270.713318,272.243347,272.243347,103472700,0.0019752257457505973,237.83333408,302.840049515,Why Tesla Shares Are Up on a Market Down Day,0.2888888888888889,-0.15555555555555559,0.296,0.0,0.804,0.196
230,2022-07-22,276.220001,280.786682,270.713318,272.243347,272.243347,103472700,0.0019752257457505973,237.83333408,302.840049515,Bitcoin and Twitter are 'black eyes' for Tesla  Wedbush's Dan Ives explains,0.43333333333333335,-0.16666666666666666,0.0,0.0,1.0,0.0
231,2022-07-22,276.220001,280.786682,270.713318,272.243347,272.243347,103472700,0.0019752257457505973,237.83333408,302.840049515,Elon Musk says Im rubber  Twitters glue after social media company blames him for declining revenue,0.06666666666666667,0.03333333333333333,-0.4019,0.153,0.847,0.0
232,2022-07-22,276.220001,280.786682,270.713318,272.243347,272.243347,103472700,0.0019752257457505973,237.83333408,302.840049515,Tesla Has People in China Talking for the Wrong Reasons,0.9,-0.5,-0.4767,0.256,0.744,0.0
233,2022-07-22,276.220001,280.786682,270.713318,272.243347,272.243347,103472700,0.0019752257457505973,237.83333408,302.840049515,The Force That Can Lift Stocks but Wreck You,0.0,0.0,-0.5927,0.325,0.675,0.0
234,2022-07-22,276.220001,280.786682,270.713318,272.243347,272.243347,103472700,0.0019752257457505973,237.83333408,302.840049515,Stock Market Rally Breaks Higher  Tesla  Netflix  Snap  United Airlines Key Earnings  Weekly Review,0.75,0.125,0.4215,0.0,0.823,0.177
235,2022-07-22,276.220001,280.786682,270.713318,272.243347,272.243347,103472700,0.0019752257457505973,237.83333408,302.840049515,Buzz Aldrin items up for auction  Tesla gets own lane at U S  Mexico border  Disney  adds R rated movies,1.0,0.6,0.0,0.0,1.0,0.0
236,2022-07-22,276.220001,280.786682,270.713318,272.243347,272.243347,103472700,0.0019752257457505973,237.83333408,302.840049515,  Explosive Stocks to Buy Right Now,0.5357142857142857,0.2857142857142857,0.0,0.0,1.0,0.0
237,2022-07-22,276.220001,280.786682,270.713318,272.243347,272.243347,103472700,0.0019752257457505973,237.83333408,302.840049515,GMs Cadillac debuts luxury Celestiq electric vehicle,0.0,0.0,0.0,0.0,1.0,0.0
238,2022-07-22,276.220001,280.786682,270.713318,272.243347,272.243347,103472700,0.0019752257457505973,237.83333408,302.840049515,Snap earnings  Were in an online ad market recession  analyst says,0.0,0.0,-0.4215,0.219,0.781,0.0
239,2022-07-22,276.220001,280.786682,270.713318,272.243347,272.243347,103472700,0.0019752257457505973,237.83333408,302.840049515,Tesla's Textbook Breakout Is a Sign of Things to Come,0.0,0.0,0.0,0.0,1.0,0.0
240,2022-07-22,276.220001,280.786682,270.713318,272.243347,272.243347,103472700,0.0019752257457505973,237.83333408,302.840049515,Twitter Sales Miss Estimates Amid Takeover Battle With Musk,0.0,0.0,-0.4939,0.375,0.625,0.0
241,2022-07-22,276.220001,280.786682,270.713318,272.243347,272.243347,103472700,0.0019752257457505973,237.83333408,302.840049515,Twitter Posts Surprise Q  Loss Linked to Elon Musk Takeover Uncertainty,0.0,0.0,-0.3818,0.318,0.541,0.142
242,2022-07-22,276.220001,280.786682,270.713318,272.243347,272.243347,103472700,0.0019752257457505973,237.83333408,302.840049515,Market check  Dow leads indices  energy stocks gain  wheat futures fall,0.0,0.0,0.6705,0.0,0.621,0.379
243,2022-07-22,276.220001,280.786682,270.713318,272.243347,272.243347,103472700,0.0019752257457505973,237.83333408,302.840049515,Dow Jones Rises  Tech Stocks Slip As Snap Crashes     On Earnings,0.0,0.0,0.0,0.0,1.0,0.0
244,2022-07-22,276.220001,280.786682,270.713318,272.243347,272.243347,103472700,0.0019752257457505973,237.83333408,302.840049515,Here's the Next Stock Split Stock to Buy After Alphabet,0.0,0.0,0.0,0.0,1.0,0.0
245,2022-07-22,276.220001,280.786682,270.713318,272.243347,272.243347,103472700,0.0019752257457505973,237.83333408,302.840049515,Stock Market News for Jul         ,0.0,0.0,0.0,0.0,1.0,0.0
246,2022-07-22,276.220001,280.786682,270.713318,272.243347,272.243347,103472700,0.0019752257457505973,237.83333408,302.840049515,Twitter blames Elon Musk for     m loss,0.0,0.0,-0.6124,0.5,0.5,0.0
247,2022-07-22,276.220001,280.786682,270.713318,272.243347,272.243347,103472700,0.0019752257457505973,237.83333408,302.840049515,Twitter reports earnings miss  citing Elon Musk's takeover bid,0.0,0.0,-0.1531,0.167,0.833,0.0
248,2022-07-22,276.220001,280.786682,270.713318,272.243347,272.243347,103472700,0.0019752257457505973,237.83333408,302.840049515,   Stocks to Buy Now According to David Einhorns Greenlight Capital,0.0,0.0,0.0,0.0,1.0,0.0
249,2022-07-22,276.220001,280.786682,270.713318,272.243347,272.243347,103472700,0.0019752257457505973,237.83333408,302.840049515,   Companies That Just Smashed Earnings Estimates,0.0,0.0,0.0,0.0,1.0,0.0
250,2022-07-22,276.220001,280.786682,270.713318,272.243347,272.243347,103472700,0.0019752257457505973,237.83333408,302.840049515,Twitter Swings to a Loss but the Focus Is Still on the Elon Musk Case,0.0,0.0,-0.1655,0.105,0.895,0.0
251,2022-07-22,276.220001,280.786682,270.713318,272.243347,272.243347,103472700,0.0019752257457505973,237.83333408,302.840049515,Dow Jones Futures  Snap Crash Hits Online Giants After Tesla Drives Market Rally Higher,0.5,0.25,-0.4019,0.172,0.828,0.0
252,2022-07-22,276.220001,280.786682,270.713318,272.243347,272.243347,103472700,0.0019752257457505973,237.83333408,302.840049515,Twitter misses Q  expectations  blames economy and Elon Musk,0.0,0.0,-0.5574,0.397,0.603,0.0
253,2022-07-22,276.220001,280.786682,270.713318,272.243347,272.243347,103472700,0.0019752257457505973,237.83333408,302.840049515,Dow Jones Futures Fall  Snap Crash Hits Online Giants After Tesla Drives Market Rally Higher,0.5,0.25,-0.4019,0.162,0.838,0.0
254,2022-07-22,276.220001,280.786682,270.713318,272.243347,272.243347,103472700,0.0019752257457505973,237.83333408,302.840049515,  Stock Split Stocks to Buy Hand Over Fist and   to Avoid Like the Plague,0.0,0.0,0.5423,0.116,0.582,0.302
255,2022-07-25,272.216675,274.146667,267.399994,268.433319,268.433319,64073400,-0.013994935200381753,238.30866702000003,302.87763283,Is Tesla Stock A Buy With The June Earnings Report In Rear View Mirror ,0.0,0.0,0.0,0.0,1.0,0.0
256,2022-07-25,272.216675,274.146667,267.399994,268.433319,268.433319,64073400,-0.013994935200381753,238.30866702000003,302.87763283,S P rallies into the green  energy stocks surge into the close,0.3,-0.2,0.2732,0.0,0.84,0.16
257,2022-07-25,272.216675,274.146667,267.399994,268.433319,268.433319,64073400,-0.013994935200381753,238.30866702000003,302.87763283,Tesla Stock Vs  BYD Stock  Tesla Soars On Earnings  China EV Giant Targets Japan,1.0,0.0,0.0,0.0,1.0,0.0
258,2022-07-25,272.216675,274.146667,267.399994,268.433319,268.433319,64073400,-0.013994935200381753,238.30866702000003,302.87763283,We're Charged Up About These Moves,0.0,0.0,-0.2023,0.265,0.735,0.0
259,2022-07-25,272.216675,274.146667,267.399994,268.433319,268.433319,64073400,-0.013994935200381753,238.30866702000003,302.87763283,Tesla seeks to expand EV charging network  boosts annual spending up to    billion,0.0,0.0,0.5574,0.0,0.705,0.295
260,2022-07-25,272.216675,274.146667,267.399994,268.433319,268.433319,64073400,-0.013994935200381753,238.30866702000003,302.87763283,Uber data case  Voyager bankruptcy  and Musk's tweets    legal stories to watch,0.2,0.2,0.128,0.0,0.88,0.12
261,2022-07-25,272.216675,274.146667,267.399994,268.433319,268.433319,64073400,-0.013994935200381753,238.30866702000003,302.87763283,Musk Says One Thing Is Central to the Future of the Car,0.1875,0.0,0.0,0.0,1.0,0.0
262,2022-07-25,272.216675,274.146667,267.399994,268.433319,268.433319,64073400,-0.013994935200381753,238.30866702000003,302.87763283,Tesla Beat on Earnings  But There's More to the Story,0.5,0.5,0.0,0.0,1.0,0.0
263,2022-07-25,272.216675,274.146667,267.399994,268.433319,268.433319,64073400,-0.013994935200381753,238.30866702000003,302.87763283,NGOs ask Musk to not invest in Indonesia's nickel industry over environmental worries,0.0,0.0,-0.4215,0.189,0.811,0.0
264,2022-07-25,272.216675,274.146667,267.399994,268.433319,268.433319,64073400,-0.013994935200381753,238.30866702000003,302.87763283,Amazon  Google  Facebook  and Microsoft earnings  A crucial week for Big Tech,0.55,0.0,0.1779,0.0,0.866,0.134
265,2022-07-25,272.216675,274.146667,267.399994,268.433319,268.433319,64073400,-0.013994935200381753,238.30866702000003,302.87763283,Is Li Auto Stock A Buy After China EV Maker's Huge Run ,0.9,0.4000000000000001,0.3182,0.0,0.827,0.173
266,2022-07-25,272.216675,274.146667,267.399994,268.433319,268.433319,64073400,-0.013994935200381753,238.30866702000003,302.87763283,Tesla Records      Million Impairment Charge on Bitcoin,0.0,0.0,0.0,0.0,1.0,0.0
267,2022-07-25,272.216675,274.146667,267.399994,268.433319,268.433319,64073400,-0.013994935200381753,238.30866702000003,302.87763283,These    stocks still have at least     upside  analysts say  despite the S P    s    gain from its lows,0.4,-0.3,0.3818,0.085,0.755,0.16
268,2022-07-25,272.216675,274.146667,267.399994,268.433319,268.433319,64073400,-0.013994935200381753,238.30866702000003,302.87763283,Why Lucid  ChargePoint  and Blink Charging Stocks All Dropped Monday,0.0,0.0,0.0,0.0,1.0,0.0
269,2022-07-25,272.216675,274.146667,267.399994,268.433319,268.433319,64073400,-0.013994935200381753,238.30866702000003,302.87763283,China leads world in public EV charging connectors,0.06666666666666667,0.0,0.0,0.0,1.0,0.0
270,2022-07-25,272.216675,274.146667,267.399994,268.433319,268.433319,64073400,-0.013994935200381753,238.30866702000003,302.87763283,Market check  Nasdaq trades lower  bitcoin dips below        ,0.0,0.0,-0.296,0.239,0.761,0.0
271,2022-07-25,272.216675,274.146667,267.399994,268.433319,268.433319,64073400,-0.013994935200381753,238.30866702000003,302.87763283,What does the departure of Volkswagens highly respected CEO mean for Tesla  The pros and cons,0.61375,-0.07625,0.5256,0.0,0.816,0.184
272,2022-07-25,272.216675,274.146667,267.399994,268.433319,268.433319,64073400,-0.013994935200381753,238.30866702000003,302.87763283,Volkswagen ousts CEO Herbert Diess amid push to EVs,0.0,0.0,0.0,0.0,1.0,0.0
273,2022-07-25,272.216675,274.146667,267.399994,268.433319,268.433319,64073400,-0.013994935200381753,238.30866702000003,302.87763283,Hedged Tesla Fund Promises Buffer From Wild Swings in Carmaker,0.4,0.1,0.3818,0.0,0.776,0.224
274,2022-07-25,272.216675,274.146667,267.399994,268.433319,268.433319,64073400,-0.013994935200381753,238.30866702000003,302.87763283,Apple offers discounts in China  Nope records     million debut  Musk Brin friendship allegedly over,0.05,0.0,0.4404,0.0,0.818,0.182
275,2022-07-25,272.216675,274.146667,267.399994,268.433319,268.433319,64073400,-0.013994935200381753,238.30866702000003,302.87763283,Amazon Debuts Rivian Delivery Vans  Is Rivian Stock A Buy ,0.0,0.0,0.1779,0.0,0.841,0.159
276,2022-07-25,272.216675,274.146667,267.399994,268.433319,268.433319,64073400,-0.013994935200381753,238.30866702000003,302.87763283,Top Millennial  Gen Z Picks Shift To Dividend Paying Stocks  No    Stock Tesla Roars Ahead After Beating Earnings Estimates,0.5,0.5,-0.5267,0.226,0.696,0.078
277,2022-07-25,272.216675,274.146667,267.399994,268.433319,268.433319,64073400,-0.013994935200381753,238.30866702000003,302.87763283,Elon Musk Denies Wrecking a Marriage,0.0,0.0,-0.4215,0.359,0.641,0.0
278,2022-07-25,272.216675,274.146667,267.399994,268.433319,268.433319,64073400,-0.013994935200381753,238.30866702000003,302.87763283,Cathie Woods    Favorite Stock Picks for the Rest of     ,1.0,0.5,0.4588,0.0,0.727,0.273
279,2022-07-25,272.216675,274.146667,267.399994,268.433319,268.433319,64073400,-0.013994935200381753,238.30866702000003,302.87763283,Tesla Boosts Capital Spending Plan  Reveals New SEC Subpoena,0.5272727272727272,0.018181818181818174,0.3182,0.0,0.777,0.223
280,2022-07-25,272.216675,274.146667,267.399994,268.433319,268.433319,64073400,-0.013994935200381753,238.30866702000003,302.87763283,GM Wins  Tesla Loses in Latest J D  Power Report,0.4000000000000001,0.16666666666666666,0.34,0.164,0.571,0.264
281,2022-07-25,272.216675,274.146667,267.399994,268.433319,268.433319,64073400,-0.013994935200381753,238.30866702000003,302.87763283,Tesla says it received June subpoena regarding its governance in wake of Musk's take private tweet,0.375,0.0,0.0,0.0,1.0,0.0
282,2022-07-25,272.216675,274.146667,267.399994,268.433319,268.433319,64073400,-0.013994935200381753,238.30866702000003,302.87763283,Tesla Wasnt a Money Furnace After All  What It Means for the Stock  and Its Bonds ,0.0,0.0,0.0,0.0,1.0,0.0
283,2022-07-25,272.216675,274.146667,267.399994,268.433319,268.433319,64073400,-0.013994935200381753,238.30866702000003,302.87763283,  Stocks to Avoid This Week,0.0,0.0,-0.296,0.355,0.645,0.0
284,2022-07-25,272.216675,274.146667,267.399994,268.433319,268.433319,64073400,-0.013994935200381753,238.30866702000003,302.87763283,Everyone  Except Boomers  Thinks This Is The Best Stock To Own,0.65,0.8,0.6369,0.0,0.704,0.296
285,2022-07-25,272.216675,274.146667,267.399994,268.433319,268.433319,64073400,-0.013994935200381753,238.30866702000003,302.87763283,Pain Ahead for Bitcoin   Related ETFs ,0.4,0.0,-0.5106,0.398,0.602,0.0
286,2022-07-25,272.216675,274.146667,267.399994,268.433319,268.433319,64073400,-0.013994935200381753,238.30866702000003,302.87763283,Elon Musk Denies Report of Affair With Sergey Brins Wife,0.0,0.0,-0.4215,0.237,0.763,0.0
287,2022-07-25,272.216675,274.146667,267.399994,268.433319,268.433319,64073400,-0.013994935200381753,238.30866702000003,302.87763283,UPDATE   Tesla gets second SEC subpoena over Musk's      go private tweet,0.325,-0.03333333333333333,0.0,0.0,1.0,0.0
288,2022-07-25,272.216675,274.146667,267.399994,268.433319,268.433319,64073400,-0.013994935200381753,238.30866702000003,302.87763283,Tesla Reveals      Million Bitcoin Loss  New Subpoena Linked to Musk 'Take Private' Tweets,0.4147727272727273,0.06818181818181818,-0.3182,0.161,0.839,0.0
289,2022-07-25,272.216675,274.146667,267.399994,268.433319,268.433319,64073400,-0.013994935200381753,238.30866702000003,302.87763283,Elon Musk denies alleged affair with Google co founder Sergey Brin's wife as 'total bs',0.425,-0.05,-0.4215,0.167,0.833,0.0
290,2022-07-25,272.216675,274.146667,267.399994,268.433319,268.433319,64073400,-0.013994935200381753,238.30866702000003,302.87763283,Tesla gets second SEC subpoena over Musk's      go private tweet,0.325,-0.03333333333333333,0.0,0.0,1.0,0.0
291,2022-07-25,272.216675,274.146667,267.399994,268.433319,268.433319,64073400,-0.013994935200381753,238.30866702000003,302.87763283,Tesla gets subpoena over Musk's      go private tweets   filing,0.375,0.0,0.0,0.0,1.0,0.0
292,2022-07-25,272.216675,274.146667,267.399994,268.433319,268.433319,64073400,-0.013994935200381753,238.30866702000003,302.87763283,China Seals Off IPhone Maker  CNOOC in Shenzhen to Battle Covid,0.0,0.0,-0.3818,0.206,0.794,0.0
293,2022-07-25,272.216675,274.146667,267.399994,268.433319,268.433319,64073400,-0.013994935200381753,238.30866702000003,302.87763283,Elon Musk reacts to alleged affair with Google co founder Sergey Brins ex wife,0.1,-0.1,0.0,0.0,1.0,0.0
294,2022-07-25,272.216675,274.146667,267.399994,268.433319,268.433319,64073400,-0.013994935200381753,238.30866702000003,302.87763283,Musk denies 'romantic' affair with Google co founder Brin's wife,0.5,0.0,-0.0258,0.207,0.593,0.2
295,2022-07-25,272.216675,274.146667,267.399994,268.433319,268.433319,64073400,-0.013994935200381753,238.30866702000003,302.87763283,Elon Musks Friendship With Sergey Brin Ruptured by Alleged Affair,0.1,-0.1,0.4404,0.0,0.756,0.244
296,2022-07-26,266.513336,267.309998,256.263336,258.859985,258.859985,66820800,-0.03566373219115915,238.63253328,302.849249345,UPDATE   S Korea's LGES plans new EV battery plant in Europe,0.45454545454545453,0.13636363636363635,0.0,0.0,1.0,0.0
297,2022-07-26,266.513336,267.309998,256.263336,258.859985,258.859985,66820800,-0.03566373219115915,238.63253328,302.849249345,Elon Musk Chooses His   to   Over Hollywood,0.0,0.0,0.0,0.0,1.0,0.0
298,2022-07-26,266.513336,267.309998,256.263336,258.859985,258.859985,66820800,-0.03566373219115915,238.63253328,302.849249345,Twitter Sets Shareholder Vote on Musk Deal Before Trial,0.0,0.0,0.0,0.0,1.0,0.0
299,2022-07-26,266.513336,267.309998,256.263336,258.859985,258.859985,66820800,-0.03566373219115915,238.63253328,302.849249345,Twitter to hold shareholder vote on Musk's offer in September,0.0,0.0,0.0,0.0,1.0,0.0
300,2022-07-26,266.513336,267.309998,256.263336,258.859985,258.859985,66820800,-0.03566373219115915,238.63253328,302.849249345,Twitter Shareholders Will Get Say on Elon Musk Deal in September,0.0,0.0,0.0,0.0,1.0,0.0
301,2022-07-26,266.513336,267.309998,256.263336,258.859985,258.859985,66820800,-0.03566373219115915,238.63253328,302.849249345,UPDATE   U S  probes Tesla crash that killed motorcyclist in Utah,0.0,-0.2,-0.802,0.444,0.556,0.0
302,2022-07-26,266.513336,267.309998,256.263336,258.859985,258.859985,66820800,-0.03566373219115915,238.63253328,302.849249345,Twitter Spent     Million on Elon Musk Deal in Q   Sets Date for Shareholder Vote on Transaction,0.1,-0.1,0.0,0.0,1.0,0.0
303,2022-07-26,266.513336,267.309998,256.263336,258.859985,258.859985,66820800,-0.03566373219115915,238.63253328,302.849249345,Dow closes nearly     points lower as worries about big tech earnings  Fed decision bite,0.25,0.05,-0.6124,0.294,0.706,0.0
304,2022-07-26,266.513336,267.309998,256.263336,258.859985,258.859985,66820800,-0.03566373219115915,238.63253328,302.849249345,Nasdaq edges into three day losing streak  markets settle in the red,0.0,0.0,-0.3818,0.191,0.809,0.0
305,2022-07-26,266.513336,267.309998,256.263336,258.859985,258.859985,66820800,-0.03566373219115915,238.63253328,302.849249345,U S  probes Tesla crash that killed motorcyclist in Utah,0.0,-0.2,-0.802,0.474,0.526,0.0
306,2022-07-26,266.513336,267.309998,256.263336,258.859985,258.859985,66820800,-0.03566373219115915,238.63253328,302.849249345,Why Tesla  Lucid  and Nio Stocks Were All Falling Today,0.0,0.0,-0.1531,0.151,0.849,0.0
307,2022-07-26,266.513336,267.309998,256.263336,258.859985,258.859985,66820800,-0.03566373219115915,238.63253328,302.849249345,Institutions sold    billion bitcoin for the past two months  Where will the crypto head next ,0.125,-0.125,0.0,0.0,1.0,0.0
308,2022-07-26,266.513336,267.309998,256.263336,258.859985,258.859985,66820800,-0.03566373219115915,238.63253328,302.849249345,Top Millennial  Gen Z Picks Shift To Dividend Paying Stocks  No    Stock Tesla May Get Millions To Open Supercharger Network In California,0.5,0.25,-0.1027,0.092,0.833,0.075
309,2022-07-26,266.513336,267.309998,256.263336,258.859985,258.859985,66820800,-0.03566373219115915,238.63253328,302.849249345,Auto industry really struggling due to chip shortage  analyst says,0.2875,0.037500000000000006,-0.624,0.389,0.611,0.0
310,2022-07-26,266.513336,267.309998,256.263336,258.859985,258.859985,66820800,-0.03566373219115915,238.63253328,302.849249345,Mexicos Super Peso Shocks Traders Who Had Bet on Wipeout,0.6666666666666666,0.3333333333333333,0.3182,0.179,0.552,0.269
311,2022-07-26,266.513336,267.309998,256.263336,258.859985,258.859985,66820800,-0.03566373219115915,238.63253328,302.849249345,Shopify stock sinks     amid layoffs,0.0,-0.1,0.0,0.0,1.0,0.0
312,2022-07-26,266.513336,267.309998,256.263336,258.859985,258.859985,66820800,-0.03566373219115915,238.63253328,302.849249345,GM Announces Big EV Battery Deals as It Targets Tesla,0.1,0.0,0.0,0.0,1.0,0.0
313,2022-07-26,266.513336,267.309998,256.263336,258.859985,258.859985,66820800,-0.03566373219115915,238.63253328,302.849249345,Shopify to Lay Off     of Workforce  The Stock Is Plunging ,0.0,0.0,0.0,0.0,1.0,0.0
314,2022-07-26,266.513336,267.309998,256.263336,258.859985,258.859985,66820800,-0.03566373219115915,238.63253328,302.849249345,General Motors earnings have been one stumble after another  Analyst,0.3,6.938893903907228e-18,0.0,0.0,1.0,0.0
315,2022-07-26,266.513336,267.309998,256.263336,258.859985,258.859985,66820800,-0.03566373219115915,238.63253328,302.849249345,UPDATE   Elon Musk asks judge to start Twitter trial on Oct    ,0.0,0.0,0.0,0.0,1.0,0.0
316,2022-07-26,266.513336,267.309998,256.263336,258.859985,258.859985,66820800,-0.03566373219115915,238.63253328,302.849249345,Billionaires Musk  Bezos  and Arnault lose      billion in bear market,0.0,0.0,-0.4019,0.231,0.769,0.0
317,2022-07-26,266.513336,267.309998,256.263336,258.859985,258.859985,66820800,-0.03566373219115915,238.63253328,302.849249345,Dow Jones Falls As Walmart Plunges On Profit Warning  Alphabet  Microsoft Earnings Due,0.375,-0.125,0.128,0.147,0.675,0.178
318,2022-07-26,266.513336,267.309998,256.263336,258.859985,258.859985,66820800,-0.03566373219115915,238.63253328,302.849249345,Russia Ukraine War Will Affect These    Stocks in the Future,0.125,0.0,-0.5994,0.302,0.698,0.0
319,2022-07-26,266.513336,267.309998,256.263336,258.859985,258.859985,66820800,-0.03566373219115915,238.63253328,302.849249345,Tesla  Inc   TSLA  Is a Trending Stock  Facts to Know Before Betting on It,0.0,0.0,0.0,0.0,1.0,0.0
320,2022-07-26,266.513336,267.309998,256.263336,258.859985,258.859985,66820800,-0.03566373219115915,238.63253328,302.849249345,Former Tesla Veteran Headed EV Battery Firm Redwood Materials Earmarks     B For Nevada Plant  WSJ,0.13333333333333333,-0.06666666666666667,0.0,0.0,1.0,0.0
321,2022-07-26,266.513336,267.309998,256.263336,258.859985,258.859985,66820800,-0.03566373219115915,238.63253328,302.849249345,Dow Jones Futures Fall As Walmart Dives On Profit Guidance Cut  What To Do Ahead Of Fed Decision,0.0,0.0,0.2023,0.1,0.762,0.138
322,2022-07-26,266.513336,267.309998,256.263336,258.859985,258.859985,66820800,-0.03566373219115915,238.63253328,302.849249345,How to Buy Tesla for the Cost of a Penny Stock,0.0,0.0,0.0,0.0,1.0,0.0
323,2022-07-26,266.513336,267.309998,256.263336,258.859985,258.859985,66820800,-0.03566373219115915,238.63253328,302.849249345,  Elon Musk Comments That Could Change Your Mind About Tesla Stock,0.0,0.0,0.0,0.0,1.0,0.0
324,2022-07-26,266.513336,267.309998,256.263336,258.859985,258.859985,66820800,-0.03566373219115915,238.63253328,302.849249345,Porsche IPO  Software Fix  What Awaits VWs New CEO,0.45454545454545453,0.13636363636363635,0.0772,0.0,0.86,0.14
325,2022-07-27,263.809998,275.926666,261.790009,274.820007,274.820007,88110000,0.061655037181586714,238.99833343999998,302.914199445,Senate Deal Includes EV Tax Credits Sought by Tesla  Toyota,0.0,0.0,0.3612,0.0,0.783,0.217
326,2022-07-27,263.809998,275.926666,261.790009,274.820007,274.820007,88110000,0.061655037181586714,238.99833343999998,302.914199445,Whats in the Manchin Schumer Deal on Taxes  Climate and Energy,0.0,0.0,0.2732,0.0,0.826,0.174
327,2022-07-27,263.809998,275.926666,261.790009,274.820007,274.820007,88110000,0.061655037181586714,238.99833343999998,302.914199445,Tesla  The Downsides to Becoming a Mass Market Player  According to Morgan Stanley,0.8500000000000001,0.45,0.0,0.0,1.0,0.0
328,2022-07-27,263.809998,275.926666,261.790009,274.820007,274.820007,88110000,0.061655037181586714,238.99833343999998,302.914199445,Twitter accepts Oct     trial but is concerned Musk will try to delay,0.0,0.0,-0.3182,0.202,0.685,0.113
329,2022-07-27,263.809998,275.926666,261.790009,274.820007,274.820007,88110000,0.061655037181586714,238.99833343999998,302.914199445,Ford Stock Jumps As Auto Giant Affirms Outlook  Hikes Dividend After Q  Earnings Crush,1.0,0.0,-0.1531,0.11,0.89,0.0
330,2022-07-27,263.809998,275.926666,261.790009,274.820007,274.820007,88110000,0.061655037181586714,238.99833343999998,302.914199445,Oracle's Larry Ellison Can Win Lawsuit Even If He Loses,0.25,0.25,0.1531,0.28,0.467,0.253
331,2022-07-27,263.809998,275.926666,261.790009,274.820007,274.820007,88110000,0.061655037181586714,238.99833343999998,302.914199445,Ford stock tops earnings expectations  revenue exceeds     billion,0.0,0.0,0.5106,0.0,0.68,0.32
332,2022-07-27,263.809998,275.926666,261.790009,274.820007,274.820007,88110000,0.061655037181586714,238.99833343999998,302.914199445,Apple Nabs Key Lamborghini Executive to Work on Its Electric Car,1.0,0.0,0.0,0.0,1.0,0.0
333,2022-07-27,263.809998,275.926666,261.790009,274.820007,274.820007,88110000,0.061655037181586714,238.99833343999998,302.914199445,The U S  isn't in a 'typical recession'  Fmr Home Depot CEO,0.5,-0.16666666666666666,-0.4215,0.203,0.797,0.0
334,2022-07-27,263.809998,275.926666,261.790009,274.820007,274.820007,88110000,0.061655037181586714,238.99833343999998,302.914199445,Shopify Cuts Jobs  Joining Netflix and Apple in Slowdown  A Running List,0.0,0.0,-0.296,0.167,0.833,0.0
335,2022-07-27,263.809998,275.926666,261.790009,274.820007,274.820007,88110000,0.061655037181586714,238.99833343999998,302.914199445,Teva reaches opioid settlement  Credit Suisse names new CEO  Twitter to hold shareholder vote,0.45454545454545453,0.13636363636363635,0.4215,0.0,0.759,0.241
336,2022-07-27,263.809998,275.926666,261.790009,274.820007,274.820007,88110000,0.061655037181586714,238.99833343999998,302.914199445,  Top Growth Stocks I'd Buy Right Now Without Any Hesitation,0.5178571428571428,0.39285714285714285,0.6386,0.0,0.53,0.47
337,2022-07-27,263.809998,275.926666,261.790009,274.820007,274.820007,88110000,0.061655037181586714,238.99833343999998,302.914199445,Stocks  Tech leads gains  home builders fall  Sherwin Williams sinks,0.0,-0.1,0.34,0.0,0.789,0.211
338,2022-07-27,263.809998,275.926666,261.790009,274.820007,274.820007,88110000,0.061655037181586714,238.99833343999998,302.914199445,Dow Jones Rises Ahead Of Fed Decision  Alphabet  Microsoft Earnings Miss,0.0,0.0,-0.1531,0.138,0.862,0.0
339,2022-07-27,263.809998,275.926666,261.790009,274.820007,274.820007,88110000,0.061655037181586714,238.99833343999998,302.914199445,Elon Musk Crafts New Master Plan Before Tesla Pulls Off the Old One,0.32727272727272727,0.11818181818181818,0.0,0.0,1.0,0.0
340,2022-07-27,263.809998,275.926666,261.790009,274.820007,274.820007,88110000,0.061655037181586714,238.99833343999998,302.914199445,U S  Consumers Are Trading Down  How to Play It With Options ,0.2888888888888889,-0.15555555555555559,0.34,0.0,0.821,0.179
341,2022-07-27,263.809998,275.926666,261.790009,274.820007,274.820007,88110000,0.061655037181586714,238.99833343999998,302.914199445,Coinbases Troubles Are Too Much for Cathie Wood as ARK Dumps the Stock,0.2,0.2,-0.6908,0.341,0.659,0.0
342,2022-07-27,263.809998,275.926666,261.790009,274.820007,274.820007,88110000,0.061655037181586714,238.99833343999998,302.914199445,Tesla  TSLA  Facing Temporary Challenges,0.0,0.0,0.0772,0.0,0.755,0.245
343,2022-07-27,263.809998,275.926666,261.790009,274.820007,274.820007,88110000,0.061655037181586714,238.99833343999998,302.914199445,Elon Musk is hitting peak hubris with his high risk Twitter and bitcoin plays  Tesla shareholders should be concerned ,0.5399999999999999,0.16,-0.0258,0.1,0.806,0.095
344,2022-07-27,263.809998,275.926666,261.790009,274.820007,274.820007,88110000,0.061655037181586714,238.99833343999998,302.914199445,Nio Is Down     From All Time Highs  Here Are   Reasons Why It's Worth a Second Chance ,0.12962962962962965,0.048148148148148134,0.4404,0.0,0.782,0.218
345,2022-07-27,263.809998,275.926666,261.790009,274.820007,274.820007,88110000,0.061655037181586714,238.99833343999998,302.914199445,Fmr Home Depot CEO disputes book's characterization of business legend Jack Welch,0.0,0.0,-0.2732,0.16,0.84,0.0
346,2022-07-27,263.809998,275.926666,261.790009,274.820007,274.820007,88110000,0.061655037181586714,238.99833343999998,302.914199445,Elon Musk Denies Wrecking a Billion Dollar Marriage,0.0,0.0,-0.4215,0.286,0.714,0.0
347,2022-07-27,263.809998,275.926666,261.790009,274.820007,274.820007,88110000,0.061655037181586714,238.99833343999998,302.914199445,Neoen Australia battery to provide grid stabilisation service in world first,0.3333333333333333,0.25,0.0,0.0,1.0,0.0
348,2022-07-27,263.809998,275.926666,261.790009,274.820007,274.820007,88110000,0.061655037181586714,238.99833343999998,302.914199445,Twitter sets date for shareholders to vote on Elon Musks    bn takeover offer,0.0,0.0,0.0,0.0,1.0,0.0
349,2022-07-28,280.066681,283.299988,272.799988,280.899994,280.899994,84723000,0.022123523925243305,239.78720001999997,302.99879935999996,Fords Earnings Needed To Clear a High Bar  They Didand the Stock Is Soaring ,0.4616666666666666,0.13,0.3818,0.0,0.833,0.167
350,2022-07-28,280.066681,283.299988,272.799988,280.899994,280.899994,84723000,0.022123523925243305,239.78720001999997,302.99879935999996,Tesla Stock Vs  BYD Stock  Tesla Bounces  China EV Giant Launching BYD Seal  Model   Rival,1.0,0.0,0.0,0.0,1.0,0.0
351,2022-07-28,280.066681,283.299988,272.799988,280.899994,280.899994,84723000,0.022123523925243305,239.78720001999997,302.99879935999996,Why Did Elon Musk Sell Tesla's Bitcoin ,0.0,0.0,0.0,0.0,1.0,0.0
352,2022-07-28,280.066681,283.299988,272.799988,280.899994,280.899994,84723000,0.022123523925243305,239.78720001999997,302.99879935999996,'We have woefully surrendered our energy independence'  Bob Nardelli,0.0,0.0,-0.1531,0.229,0.593,0.178
353,2022-07-28,280.066681,283.299988,272.799988,280.899994,280.899994,84723000,0.022123523925243305,239.78720001999997,302.99879935999996,Influencers with Andy Serwer  Bob Nardelli,0.0,0.0,0.0,0.0,1.0,0.0
354,2022-07-28,280.066681,283.299988,272.799988,280.899994,280.899994,84723000,0.022123523925243305,239.78720001999997,302.99879935999996,  Monster Growth Stocks Begging to Be Bought,0.0,0.0,0.3818,0.0,0.698,0.302
355,2022-07-28,280.066681,283.299988,272.799988,280.899994,280.899994,84723000,0.022123523925243305,239.78720001999997,302.99879935999996,Wary shoppers muddy outlook for tech  auto firms in Asia,0.7,-0.5,0.0,0.0,1.0,0.0
356,2022-07-28,280.066681,283.299988,272.799988,280.899994,280.899994,84723000,0.022123523925243305,239.78720001999997,302.99879935999996,WRAPUP   Wary shoppers muddy outlook for tech  auto firms in Asia,0.7,-0.5,0.0,0.0,1.0,0.0
357,2022-07-28,280.066681,283.299988,272.799988,280.899994,280.899994,84723000,0.022123523925243305,239.78720001999997,302.99879935999996,UPDATE   Panasonic's Q  profit hit by China lockdowns  rising material costs,0.0,0.0,0.4404,0.0,0.775,0.225
358,2022-07-28,280.066681,283.299988,272.799988,280.899994,280.899994,84723000,0.022123523925243305,239.78720001999997,302.99879935999996,UPDATE   Stellantis CEO says easing chip crunch could throttle back pricing power,0.0,0.0,0.25,0.0,0.846,0.154
